url,createdAt,id,isReply,inReplyToId,isRetweet,isQuote,viewCount,retweetCount,likeCount,replyCount,lang,author__createdAt,author__location,text
https://x.com/nayibbukele/status/1773114767801995677,Wed Mar 27 22:27:58 +0000 2024,1773114767801995677,TRUE,1773039460256477463,FALSE,FALSE,458959,746,4309,137,es,2009-02-13,El Salvador,"La embarcaciÃ³n que transportaba la droga ya estÃ¡ en tierra.

La cocaÃ­na serÃ¡ destruida y la lancha pasarÃ¡ a nuestra Marina Nacional para ser usada en el combate al narcotrÃ¡fico.

Los detenidos serÃ¡n procesados conforme a la ley.

#PlanControlTerritorial https://t.co/cTAtraqM5X"
https://x.com/politikaljunki/status/1773040132976767329,Wed Mar 27 17:31:23 +0000 2024,1773040132976767329,TRUE,1773039460256477463,FALSE,FALSE,6027,1,22,0,en,2011-12-18,Milky Way Galaxy,"@nayibbukele Youâ€™re doing a great job, Bukele! Keep it up."
https://x.com/InfoGlobaleFR/status/1773127030105682235,Wed Mar 27 23:16:41 +0000 2024,1773127030105682235,TRUE,1773039460256477463,FALSE,FALSE,892,0,2,0,en,2012-03-21,,"@nayibbukele You should rule the sea Corsair style, everybody will be happy with it. ğŸ´â€â˜ ï¸"
https://x.com/NoahJPacifico/status/1773051319542014276,Wed Mar 27 18:15:50 +0000 2024,1773051319542014276,TRUE,1773039460256477463,FALSE,FALSE,1850,0,5,0,es,2022-12-08,"New Jersey, USA",@nayibbukele Asi funciona
https://x.com/AwajiBaikundou/status/1771618214394671520,Sat Mar 23 19:21:12 +0000 2024,1771618214394671520,FALSE,,FALSE,FALSE,236286,3,43,6,ja,2010-03-14,å…µåº« æ·¡è·¯å¸‚,"çš†æ§˜ã”å­˜çŸ¥æ·¡è·¯å³¶ã® #ãƒ™ã‚«ã‚³ï¼

ãƒ™ã‚«ã‚³ã‚‚ãƒ™ã‚³ã‚‚ã‚¨ã‚µè¦ã‚‰ãšã€‚

å£ã®é–‹ã‘é–‰ã‚ã¯æ¨ªã¸ã‚¹ãƒ©ã‚¤ãƒ‰ã•...

æ·¡è·¯æ¢…è–«å ‚æ±Ÿäº•å·¥å ´
å…µåº«çœŒæ·¡è·¯å¸‚æ±Ÿäº•2738-2 
https://t.co/iknLNFazsP

#æ·¡è·¯æ¢…è–«å ‚
#æ·¡è·¯æ¢…è–«å ‚æ±Ÿäº•å·¥å ´
#bekako
#æ·¡è·¯å³¶æ—…è¡Œ
#æ·¡è·¯å³¶è¦³å…‰åæ‰€
#æ±Ÿäº•
#æ·¡è·¯å³¶
#æ·¡è·¯å³¶ç‰¹ç”£å“
#æ·¡è·¯å³¶ç‰¹ç”£
#æ·¡è·¯å³¶åç”£å“
#æ·¡è·¯å³¶åç”£
#æ·¡è·¯å³¶ã‚°ãƒ«ãƒ¡
#æ·¡è·¯å³¶åœ°å ´ç”£æ¥­
#æ·¡è·¯å¸‚
#awajishima
#awajiisland
#ç·šé¦™
#ãŠé¦™
#ãŠé¦™å°‚é–€åº— 
#ãŠé¦™å±‹ã•ã‚“ 
#ç·šé¦™ã®é¦™ã‚Š 
#ã‹ãŠã‚Šé¢¨æ™¯100é¸ 
#ã‹ãŠã‚Šé¢¨æ™¯ç™¾é¸ 
#ã‹ãŠã‚Šé¢¨æ™¯100é¸ã®åœ° 
#é¦™ã‚Š
#incense
#ã‹ãŠã‚Š
#ã‹ãŠã‚Šã®ã¾ã¡ 
#ã‹ãŠã‚Šã®è¡—
#ã‹ãŠã‚Šã®ç”º"
https://x.com/RiaDelRio2/status/1773121328221913555,Wed Mar 27 22:54:02 +0000 2024,1773121328221913555,TRUE,1773039460256477463,FALSE,FALSE,45,0,0,0,en,2022-04-26,,@nayibbukele Well done sir. ğŸ‘ğŸ»ğŸ‘ğŸ»ğŸ‘ğŸ»ğŸ‘ğŸ»
https://x.com/EV_Trapper/status/1773039973358313918,Wed Mar 27 17:30:45 +0000 2024,1773039973358313918,TRUE,1773039460256477463,FALSE,FALSE,6601,1,28,2,en,2022-11-04,Louisiana,"@nayibbukele Great Warriors on the boat, From America thank you very much!"
https://x.com/8Kair/status/1773073435867906093,Wed Mar 27 19:43:43 +0000 2024,1773073435867906093,TRUE,1773039460256477463,FALSE,FALSE,250,0,0,0,es,2022-11-02,"DC, USA",@nayibbukele ğŸ‘ğŸ‘ğŸ‘ğŸ‘ğŸ‘ğŸ‘ğŸ‘ğŸ‘ğŸ‘ğŸ‘ğŸ‘ğŸ‘ğŸ‘ğŸ‘ğŸ‘ğŸ‘ğŸ‘ğŸ‘y mÃ¡s ğŸ‘ğŸ‘ğŸ‘ğŸ‘ğŸ‘ğŸ‘ğŸ‘ğŸ‘ğŸ‘ğŸ‘.
https://x.com/Guayahuasca/status/1773042794057105788,Wed Mar 27 17:41:58 +0000 2024,1773042794057105788,TRUE,1773039460256477463,FALSE,FALSE,8074,8,76,0,es,2022-09-13,"Queens, NY",@nayibbukele El mejor Presidente del planeta
https://x.com/LlebrezIm/status/1773096598693613629,Wed Mar 27 21:15:46 +0000 2024,1773096598693613629,TRUE,1773039460256477463,FALSE,FALSE,1200,0,1,0,fr,2015-11-08,,@nayibbukele ğŸ˜³ WOW excellent ğŸ‘ğŸ¼ğŸ‘ğŸ¼ğŸ‘ğŸ¼
https://x.com/ivan654732656/status/1773039755049030139,Wed Mar 27 17:29:53 +0000 2024,1773039755049030139,TRUE,1773039460256477463,FALSE,FALSE,2840,0,3,3,en,2011-01-09,Zagreb,@nayibbukele Selling it for #Bitcoin ?
https://x.com/PaoMarrohs/status/1773039672257618027,Wed Mar 27 17:29:34 +0000 2024,1773039672257618027,TRUE,1773039460256477463,FALSE,FALSE,26734,6,207,0,es,2012-05-23,El Salvador,"@nayibbukele Otro duro golpe al narcotrafico, excelente ğŸ‘ğŸ»ğŸ‡¸ğŸ‡»"
https://x.com/RealMogtaba/status/1773039878009225315,Wed Mar 27 17:30:23 +0000 2024,1773039878009225315,TRUE,1773039460256477463,FALSE,FALSE,2931,1,23,1,en,2023-04-28,ğŸŒ Nomad,"@nayibbukele Okay, I'm visiting El Salvador next!"
https://x.com/AwajiBaikundou/status/1771618214394671520,Sat Mar 23 19:21:12 +0000 2024,1771618214394671520,FALSE,,FALSE,FALSE,236286,3,43,6,ja,2010-03-14,å…µåº« æ·¡è·¯å¸‚,"çš†æ§˜ã”å­˜çŸ¥æ·¡è·¯å³¶ã® #ãƒ™ã‚«ã‚³ï¼

ãƒ™ã‚«ã‚³ã‚‚ãƒ™ã‚³ã‚‚ã‚¨ã‚µè¦ã‚‰ãšã€‚

å£ã®é–‹ã‘é–‰ã‚ã¯æ¨ªã¸ã‚¹ãƒ©ã‚¤ãƒ‰ã•...

æ·¡è·¯æ¢…è–«å ‚æ±Ÿäº•å·¥å ´
å…µåº«çœŒæ·¡è·¯å¸‚æ±Ÿäº•2738-2 
https://t.co/iknLNFazsP

#æ·¡è·¯æ¢…è–«å ‚
#æ·¡è·¯æ¢…è–«å ‚æ±Ÿäº•å·¥å ´
#bekako
#æ·¡è·¯å³¶æ—…è¡Œ
#æ·¡è·¯å³¶è¦³å…‰åæ‰€
#æ±Ÿäº•
#æ·¡è·¯å³¶
#æ·¡è·¯å³¶ç‰¹ç”£å“
#æ·¡è·¯å³¶ç‰¹ç”£
#æ·¡è·¯å³¶åç”£å“
#æ·¡è·¯å³¶åç”£
#æ·¡è·¯å³¶ã‚°ãƒ«ãƒ¡
#æ·¡è·¯å³¶åœ°å ´ç”£æ¥­
#æ·¡è·¯å¸‚
#awajishima
#awajiisland
#ç·šé¦™
#ãŠé¦™
#ãŠé¦™å°‚é–€åº— 
#ãŠé¦™å±‹ã•ã‚“ 
#ç·šé¦™ã®é¦™ã‚Š 
#ã‹ãŠã‚Šé¢¨æ™¯100é¸ 
#ã‹ãŠã‚Šé¢¨æ™¯ç™¾é¸ 
#ã‹ãŠã‚Šé¢¨æ™¯100é¸ã®åœ° 
#é¦™ã‚Š
#incense
#ã‹ãŠã‚Š
#ã‹ãŠã‚Šã®ã¾ã¡ 
#ã‹ãŠã‚Šã®è¡—
#ã‹ãŠã‚Šã®ç”º"
https://x.com/salva249/status/1773041295700693338,Wed Mar 27 17:36:01 +0000 2024,1773041295700693338,TRUE,1773039460256477463,FALSE,FALSE,5647,0,3,0,es,2017-12-06,,"@nayibbukele QuÃ© se puede hacer con es productos, mucho tiempo atrÃ¡s votaban las cuaja del arroz ğŸŒ¾ hasta que se dieron cuenta que con miel se lo comÃ­an las vacas. Y cÃ³mo dicen si del cielo te callen limones aprende hacer limonada."
https://x.com/chamaguaJR/status/1773041634311123425,Wed Mar 27 17:37:21 +0000 2024,1773041634311123425,TRUE,1773039460256477463,FALSE,FALSE,29017,12,214,6,es,2020-05-08,"Sonsonate, El Salvador","@nayibbukele El Estado SalvadoreÃ±o, es diferente al de 10 aÃ±os. La seguridad de nuestro territorio, seguirÃ¡  siendo agenda de trabajo de este gobierno, y por supuesto que como diputados estaremos apoyando lo necesario. #PlanControlTerritorial en acciÃ³n"
https://x.com/MrElegantesv/status/1773042948147491131,Wed Mar 27 17:42:35 +0000 2024,1773042948147491131,TRUE,1773039460256477463,FALSE,FALSE,1171,0,7,0,qme,2019-06-10,Te Sigue,@nayibbukele ğŸ‡¸ğŸ‡»ğŸ‘ğŸ¼
https://x.com/corp_liberation/status/1773043439463993397,Wed Mar 27 17:44:32 +0000 2024,1773043439463993397,TRUE,1773039460256477463,FALSE,FALSE,4010,0,12,0,es,2021-10-13,,@nayibbukele @stacyherbert El crimen no paga en el salvador !
https://x.com/FahlSolotov/status/1773070350563057915,Wed Mar 27 19:31:28 +0000 2024,1773070350563057915,TRUE,1773039460256477463,FALSE,FALSE,692,0,0,0,en,2023-03-01,givafukland,@nayibbukele Did you sink it?
https://x.com/_3bsol/status/1773090551274897611,Wed Mar 27 20:51:44 +0000 2024,1773090551274897611,TRUE,1773039460256477463,FALSE,FALSE,717,0,0,0,ar,2019-08-05,,"@nayibbukele Ù‚Ø±Ø¶ Ø¨Ù†Ùƒ Ø§Ù„ØªÙ†Ù…ÙŠÙ‡  

Ø±Ø¬Ø§Ù„ ÙˆÙ†Ø³Ø§Ø¡ 

https://t.co/rWSFmKQyMl
https://t.co/rWSFmKQyMl"
https://x.com/FIRMES593/status/1773091320237539424,Wed Mar 27 20:54:47 +0000 2024,1773091320237539424,TRUE,1773039460256477463,FALSE,FALSE,1029,1,6,0,es,2022-06-16,Ecuador,@nayibbukele Por favor mÃ¡ndelos al CECOT
https://x.com/EsequielRivera4/status/1773114046436286662,Wed Mar 27 22:25:06 +0000 2024,1773114046436286662,TRUE,1773039460256477463,FALSE,FALSE,1135,2,6,0,es,2019-06-16,"Washington, DC ",@nayibbukele DurÃ³ golpe al narcotrafico
https://x.com/Leohn369/status/1773176610847346887,Thu Mar 28 02:33:42 +0000 2024,1773176610847346887,TRUE,1773039460256477463,FALSE,FALSE,705,0,2,0,en,2024-02-16,"Hanoi, Vietnam",@nayibbukele Stay blessed ğŸŒ»
https://x.com/arenafrentesv/status/1773039639328178255,Wed Mar 27 17:29:26 +0000 2024,1773039639328178255,TRUE,1773039460256477463,FALSE,FALSE,10834,0,30,0,es,2022-01-26,El Salvador,@nayibbukele Con todo Presi! ğŸ‘
https://x.com/GOsca7/status/1773039780579725321,Wed Mar 27 17:29:59 +0000 2024,1773039780579725321,TRUE,1773039460256477463,FALSE,FALSE,757,0,3,0,es,2021-06-19,,@nayibbukele Excelente ğŸ«¡
https://x.com/JohannVillalvir/status/1773040048012734536,Wed Mar 27 17:31:03 +0000 2024,1773040048012734536,TRUE,1773039460256477463,FALSE,FALSE,5258,0,4,2,hu,2010-12-20,United States,@nayibbukele VÃ©ndala
https://x.com/BanklessLawyer/status/1773040109547397326,Wed Mar 27 17:31:18 +0000 2024,1773040109547397326,TRUE,1773039460256477463,FALSE,FALSE,7627,2,40,4,es,2021-08-25,"Austin, TX","@nayibbukele Presidente, ayuda en ğŸ‡²ğŸ‡½ğŸ¥²"
https://x.com/AlcaldeNetito/status/1773040218179870962,Wed Mar 27 17:31:44 +0000 2024,1773040218179870962,TRUE,1773039460256477463,FALSE,FALSE,42437,52,582,10,es,2022-07-04,,"@nayibbukele #PlanControlTerritorial

El mejor plan que El Salvador tiene para salvaguardar la paz y seguridad nacional. https://t.co/kCAV6oiwdK"
https://x.com/chinchontepec22/status/1773040416973033772,Wed Mar 27 17:32:31 +0000 2024,1773040416973033772,TRUE,1773039460256477463,FALSE,FALSE,17010,9,167,0,es,2012-07-12,El Salvador.,@nayibbukele Incansable el trabajo del gabinete seguridad del presidente Bukele.
https://x.com/718Von/status/1773040522254332045,Wed Mar 27 17:32:56 +0000 2024,1773040522254332045,TRUE,1773039460256477463,FALSE,FALSE,178,0,0,0,en,2021-06-29,"California, USA",@nayibbukele So do they get deported or the new jail ğŸ˜‚
https://x.com/AI_Kitty_AI/status/1773040543309668460,Wed Mar 27 17:33:01 +0000 2024,1773040543309668460,TRUE,1773039460256477463,FALSE,FALSE,1749,0,2,0,qme,2022-12-31,"BrasÃ­lia, Brasil",@nayibbukele ğŸ‡§ğŸ‡·ğŸ‡§ğŸ‡·ğŸ‡§ğŸ‡·ğŸ‡§ğŸ‡·ğŸ‡§ğŸ‡·ğŸ‡§ğŸ‡·ğŸ‡§ğŸ‡·
https://x.com/CeciliaGRM/status/1773040685278519313,Wed Mar 27 17:33:35 +0000 2024,1773040685278519313,TRUE,1773039460256477463,FALSE,FALSE,26289,16,261,5,es,2012-11-24,"San Salvador, El Salvador","@nayibbukele Aproximadamente 1.48 toneladas de cocaÃ­na QUE NO LLEGARAN a su destino final.

ğŸ‘ŠğŸ›‘

#PlanControlTerritorial ğŸ‡¸ğŸ‡»"
https://x.com/VonFerrerzzz/status/1773043109158326780,Wed Mar 27 17:43:13 +0000 2024,1773043109158326780,TRUE,1773039460256477463,FALSE,FALSE,82,0,1,0,qam,2023-06-04,Mars,@nayibbukele :)
https://x.com/JBustillo1/status/1773041563569914014,Wed Mar 27 17:37:04 +0000 2024,1773041563569914014,TRUE,1773039460256477463,FALSE,FALSE,18259,8,110,2,es,2014-04-07,WeltbÃ¼rger / World Citizen,"@nayibbukele ğŸ’ Siguen los golpes contundentes al narcotrÃ¡fico

490 Mn = 907.5 Km â€¼ï¸"
https://x.com/vlad_gorod/status/1773041821381186042,Wed Mar 27 17:38:06 +0000 2024,1773041821381186042,TRUE,1773039460256477463,FALSE,FALSE,1733,1,5,1,es,2017-10-30,"Fishers, IN",@nayibbukele El Liderazgo !
https://x.com/Thecontractor28/status/1773043357092094020,Wed Mar 27 17:44:12 +0000 2024,1773043357092094020,TRUE,1773039460256477463,FALSE,FALSE,2607,0,2,0,es,2018-02-17,"New York, USA",@nayibbukele Con razon que el precio esta alto ğŸ˜†
https://x.com/AwajiBaikundou/status/1771618214394671520,Sat Mar 23 19:21:12 +0000 2024,1771618214394671520,FALSE,,FALSE,FALSE,236287,3,43,6,ja,2010-03-14,å…µåº« æ·¡è·¯å¸‚,"çš†æ§˜ã”å­˜çŸ¥æ·¡è·¯å³¶ã® #ãƒ™ã‚«ã‚³ï¼

ãƒ™ã‚«ã‚³ã‚‚ãƒ™ã‚³ã‚‚ã‚¨ã‚µè¦ã‚‰ãšã€‚

å£ã®é–‹ã‘é–‰ã‚ã¯æ¨ªã¸ã‚¹ãƒ©ã‚¤ãƒ‰ã•...

æ·¡è·¯æ¢…è–«å ‚æ±Ÿäº•å·¥å ´
å…µåº«çœŒæ·¡è·¯å¸‚æ±Ÿäº•2738-2 
https://t.co/iknLNFazsP

#æ·¡è·¯æ¢…è–«å ‚
#æ·¡è·¯æ¢…è–«å ‚æ±Ÿäº•å·¥å ´
#bekako
#æ·¡è·¯å³¶æ—…è¡Œ
#æ·¡è·¯å³¶è¦³å…‰åæ‰€
#æ±Ÿäº•
#æ·¡è·¯å³¶
#æ·¡è·¯å³¶ç‰¹ç”£å“
#æ·¡è·¯å³¶ç‰¹ç”£
#æ·¡è·¯å³¶åç”£å“
#æ·¡è·¯å³¶åç”£
#æ·¡è·¯å³¶ã‚°ãƒ«ãƒ¡
#æ·¡è·¯å³¶åœ°å ´ç”£æ¥­
#æ·¡è·¯å¸‚
#awajishima
#awajiisland
#ç·šé¦™
#ãŠé¦™
#ãŠé¦™å°‚é–€åº— 
#ãŠé¦™å±‹ã•ã‚“ 
#ç·šé¦™ã®é¦™ã‚Š 
#ã‹ãŠã‚Šé¢¨æ™¯100é¸ 
#ã‹ãŠã‚Šé¢¨æ™¯ç™¾é¸ 
#ã‹ãŠã‚Šé¢¨æ™¯100é¸ã®åœ° 
#é¦™ã‚Š
#incense
#ã‹ãŠã‚Š
#ã‹ãŠã‚Šã®ã¾ã¡ 
#ã‹ãŠã‚Šã®è¡—
#ã‹ãŠã‚Šã®ç”º"
https://x.com/JorgeManzaSV/status/1773045247443923119,Wed Mar 27 17:51:43 +0000 2024,1773045247443923119,TRUE,1773039460256477463,FALSE,FALSE,6534,8,111,8,qme,2013-09-05,El Salvador,@nayibbukele ğŸ‡¸ğŸ‡»ğŸ‘ŠğŸ» https://t.co/f2sMnUByeG
https://x.com/PierreMaryPlat5/status/1773046722685505838,Wed Mar 27 17:57:34 +0000 2024,1773046722685505838,TRUE,1773039460256477463,FALSE,FALSE,2595,0,11,0,es,2019-06-01,"New York, USA","@nayibbukele Â¡EstÃ¡s haciendo un gran trabajo, Bukele!  Avanza."
https://x.com/FedericoGalavis/status/1773048037511676272,Wed Mar 27 18:02:48 +0000 2024,1773048037511676272,TRUE,1773039460256477463,FALSE,FALSE,3943,5,38,0,es,2009-03-27,"Santa Monica, CA",@nayibbukele Mas nada Bukele. Plomo al hampaâœŠğŸ¾âœŠğŸ¿âœŠğŸ½ https://t.co/yBCF0SjiJe
https://x.com/ChrisGuevaraG/status/1773049047680524585,Wed Mar 27 18:06:49 +0000 2024,1773049047680524585,TRUE,1773039460256477463,FALSE,FALSE,42417,87,913,55,es,2009-11-05,"San Salvador, El Salvador","@nayibbukele Ya va salir El Faro, La Prensa GrÃ¡fica y El Diario de Hoy diciendo que les â€œviolaron sus derechosâ€ porque la captura es â€œilegalâ€ porque fue mar adentro."
https://x.com/Joshua_Arte/status/1773049490263404794,Wed Mar 27 18:08:34 +0000 2024,1773049490263404794,TRUE,1773039460256477463,FALSE,FALSE,6770,10,37,2,es,2010-08-24,"BogotÃ¡, D.C., Colombia","@nayibbukele ğŸ‘ŠğŸ» Con los recursos provenientes del trÃ¡fico ilÃ­cito de Coca nos vienen a imponer sus nefastas polÃ­ticas, alimentando su aparato armado, sus bodegas en redes, por eso, a esos narcoactivistas hay que darles por tierra, mar, aire y ciberespacio ğŸ’ªğŸ»"
https://x.com/atlast_b/status/1773052845886996620,Wed Mar 27 18:21:54 +0000 2024,1773052845886996620,TRUE,1773039460256477463,FALSE,FALSE,5739,0,37,0,es,2020-08-29,,"@nayibbukele Uff. Duro con ellos presi. Que por eso no lo quieren los Narcos por que les esta acabando su negocio sucio. 
Gracias seÃ±or presidente. We love you sir. https://t.co/yYoi92ENl3"
https://x.com/Yazcklin/status/1773065007699308863,Wed Mar 27 19:10:14 +0000 2024,1773065007699308863,TRUE,1773039460256477463,FALSE,FALSE,6540,0,30,0,es,2011-04-17,El Salvador,@nayibbukele Grande nuestra marina ğŸ’ªğŸ‡¸ğŸ‡»ğŸ”¥
https://x.com/ricardorivassv/status/1773093902578237570,Wed Mar 27 21:05:03 +0000 2024,1773093902578237570,TRUE,1773039460256477463,FALSE,FALSE,2753,0,13,0,es,2012-10-02,,@nayibbukele Excelente. Sin duda es una duro golpe al narcotrafico ğŸ’ªğŸ»
https://x.com/AwajiBaikundou/status/1771618214394671520,Sat Mar 23 19:21:12 +0000 2024,1771618214394671520,FALSE,,FALSE,FALSE,236287,3,43,6,ja,2010-03-14,å…µåº« æ·¡è·¯å¸‚,"çš†æ§˜ã”å­˜çŸ¥æ·¡è·¯å³¶ã® #ãƒ™ã‚«ã‚³ï¼

ãƒ™ã‚«ã‚³ã‚‚ãƒ™ã‚³ã‚‚ã‚¨ã‚µè¦ã‚‰ãšã€‚

å£ã®é–‹ã‘é–‰ã‚ã¯æ¨ªã¸ã‚¹ãƒ©ã‚¤ãƒ‰ã•...

æ·¡è·¯æ¢…è–«å ‚æ±Ÿäº•å·¥å ´
å…µåº«çœŒæ·¡è·¯å¸‚æ±Ÿäº•2738-2 
https://t.co/iknLNFazsP

#æ·¡è·¯æ¢…è–«å ‚
#æ·¡è·¯æ¢…è–«å ‚æ±Ÿäº•å·¥å ´
#bekako
#æ·¡è·¯å³¶æ—…è¡Œ
#æ·¡è·¯å³¶è¦³å…‰åæ‰€
#æ±Ÿäº•
#æ·¡è·¯å³¶
#æ·¡è·¯å³¶ç‰¹ç”£å“
#æ·¡è·¯å³¶ç‰¹ç”£
#æ·¡è·¯å³¶åç”£å“
#æ·¡è·¯å³¶åç”£
#æ·¡è·¯å³¶ã‚°ãƒ«ãƒ¡
#æ·¡è·¯å³¶åœ°å ´ç”£æ¥­
#æ·¡è·¯å¸‚
#awajishima
#awajiisland
#ç·šé¦™
#ãŠé¦™
#ãŠé¦™å°‚é–€åº— 
#ãŠé¦™å±‹ã•ã‚“ 
#ç·šé¦™ã®é¦™ã‚Š 
#ã‹ãŠã‚Šé¢¨æ™¯100é¸ 
#ã‹ãŠã‚Šé¢¨æ™¯ç™¾é¸ 
#ã‹ãŠã‚Šé¢¨æ™¯100é¸ã®åœ° 
#é¦™ã‚Š
#incense
#ã‹ãŠã‚Š
#ã‹ãŠã‚Šã®ã¾ã¡ 
#ã‹ãŠã‚Šã®è¡—
#ã‹ãŠã‚Šã®ç”º"
https://x.com/LeonelBoquin/status/1773165619073987043,Thu Mar 28 01:50:02 +0000 2024,1773165619073987043,TRUE,1773039460256477463,FALSE,FALSE,717,0,2,0,es,2012-05-13,,@nayibbukele encierrenlos ya encierenlos ya
https://x.com/Gilrlv/status/1773361113859563648,Thu Mar 28 14:46:51 +0000 2024,1773361113859563648,TRUE,1773039460256477463,FALSE,FALSE,656,0,3,0,es,2020-02-23,,@nayibbukele Maravillosa noticia seÃ±or presidente @nayibbukele gracias por su gran trabajo y de todos nuestros hÃ©roes nacionales @FUERZARMADASV @PNCSV @Vi11atoro
https://x.com/politicandoss/status/1773087071558586390,Wed Mar 27 20:37:54 +0000 2024,1773087071558586390,TRUE,1773039460256477463,FALSE,FALSE,1409,0,4,0,es,2016-02-23,"Bitcoin city, El Salvador.",@nayibbukele Control marÃ­timo...ğŸ‘ŠğŸ»ğŸ‡¸ğŸ‡»
https://x.com/mrdeoks/status/1773192441195094369,Thu Mar 28 03:36:36 +0000 2024,1773192441195094369,TRUE,1773039460256477463,FALSE,FALSE,46,0,1,0,es,2010-11-02,,@nayibbukele Donde te voto para presidente del mundo?
https://x.com/MiltonEspinel/status/1773233468144513489,Thu Mar 28 06:19:38 +0000 2024,1773233468144513489,TRUE,1773039460256477463,FALSE,FALSE,718,1,8,0,es,2012-07-24,Ecuador ,@nayibbukele Buen trabajo. Autorizo penas duras contra los delincuentes ecuatorianos.
https://x.com/Luisin_20/status/1773114325533626869,Wed Mar 27 22:26:12 +0000 2024,1773114325533626869,TRUE,1773039460256477463,FALSE,FALSE,83,0,4,0,es,2023-01-12,,"@nayibbukele Soy ecuatoriano. No los devuelva, enciÃ©rrelos ahÃ­ el tiempo que sus leyes permitan o para siempre. AcÃ¡ a la semana vuelve a estar libres y saliendo con otro cargamento."
https://x.com/Camilla37888956/status/1773073749471842579,Wed Mar 27 19:44:58 +0000 2024,1773073749471842579,TRUE,1773039460256477463,FALSE,FALSE,18,0,1,0,qme,2022-11-23,,@nayibbukele https://t.co/meuSoROJjq
https://x.com/koch_mirna/status/1773040185984340304,Wed Mar 27 17:31:36 +0000 2024,1773040185984340304,TRUE,1773039460256477463,FALSE,FALSE,395,1,8,0,es,2020-05-14,,"@nayibbukele No entienden que El Salvador es cosa seria.

ğŸ’ªğŸ’ªğŸ‘ŠğŸ‘Š"
https://x.com/Elaine41379239/status/1773040067092603340,Wed Mar 27 17:31:08 +0000 2024,1773040067092603340,TRUE,1773039460256477463,FALSE,FALSE,12,0,0,0,en,2022-04-30,,@nayibbukele ğŸ˜®. ğŸ‘Š to your Navy for the untold number of lives saved!
https://x.com/HTX88/status/1773042853062611445,Wed Mar 27 17:42:12 +0000 2024,1773042853062611445,TRUE,1773039460256477463,FALSE,FALSE,26,0,0,0,es,2023-02-25,"Houston, TX","@nayibbukele SeÃ±or Presidente, cuanto por un kilo de queso, pregunto por un amigo... ğŸ˜… https://t.co/fdD3t3N9E4"
https://x.com/AwajiBaikundou/status/1771618214394671520,Sat Mar 23 19:21:12 +0000 2024,1771618214394671520,FALSE,,FALSE,FALSE,236287,3,43,6,ja,2010-03-14,å…µåº« æ·¡è·¯å¸‚,"çš†æ§˜ã”å­˜çŸ¥æ·¡è·¯å³¶ã® #ãƒ™ã‚«ã‚³ï¼

ãƒ™ã‚«ã‚³ã‚‚ãƒ™ã‚³ã‚‚ã‚¨ã‚µè¦ã‚‰ãšã€‚

å£ã®é–‹ã‘é–‰ã‚ã¯æ¨ªã¸ã‚¹ãƒ©ã‚¤ãƒ‰ã•...

æ·¡è·¯æ¢…è–«å ‚æ±Ÿäº•å·¥å ´
å…µåº«çœŒæ·¡è·¯å¸‚æ±Ÿäº•2738-2 
https://t.co/iknLNFazsP

#æ·¡è·¯æ¢…è–«å ‚
#æ·¡è·¯æ¢…è–«å ‚æ±Ÿäº•å·¥å ´
#bekako
#æ·¡è·¯å³¶æ—…è¡Œ
#æ·¡è·¯å³¶è¦³å…‰åæ‰€
#æ±Ÿäº•
#æ·¡è·¯å³¶
#æ·¡è·¯å³¶ç‰¹ç”£å“
#æ·¡è·¯å³¶ç‰¹ç”£
#æ·¡è·¯å³¶åç”£å“
#æ·¡è·¯å³¶åç”£
#æ·¡è·¯å³¶ã‚°ãƒ«ãƒ¡
#æ·¡è·¯å³¶åœ°å ´ç”£æ¥­
#æ·¡è·¯å¸‚
#awajishima
#awajiisland
#ç·šé¦™
#ãŠé¦™
#ãŠé¦™å°‚é–€åº— 
#ãŠé¦™å±‹ã•ã‚“ 
#ç·šé¦™ã®é¦™ã‚Š 
#ã‹ãŠã‚Šé¢¨æ™¯100é¸ 
#ã‹ãŠã‚Šé¢¨æ™¯ç™¾é¸ 
#ã‹ãŠã‚Šé¢¨æ™¯100é¸ã®åœ° 
#é¦™ã‚Š
#incense
#ã‹ãŠã‚Š
#ã‹ãŠã‚Šã®ã¾ã¡ 
#ã‹ãŠã‚Šã®è¡—
#ã‹ãŠã‚Šã®ç”º"
https://x.com/tomatillodad/status/1773287126483816928,Thu Mar 28 09:52:51 +0000 2024,1773287126483816928,TRUE,1773039460256477463,FALSE,FALSE,14,0,0,0,en,2022-05-11,,"@nayibbukele Good work, good men!"
https://x.com/EndGovBribery/status/1773043285273035099,Wed Mar 27 17:43:55 +0000 2024,1773043285273035099,TRUE,1773039460256477463,FALSE,FALSE,127,0,0,0,tl,2023-12-15,,@nayibbukele Party at Bukeleâ€™s palace ğŸ˜‚
https://x.com/bar_mickey/status/1773039729476345984,Wed Mar 27 17:29:47 +0000 2024,1773039729476345984,TRUE,1773039460256477463,FALSE,FALSE,182,0,2,0,en,2021-09-14,,@nayibbukele Wow boss! Thatâ€™s why YOUDAMAN! ğŸ˜‚
https://x.com/BCC313x/status/1773039848850411880,Wed Mar 27 17:30:16 +0000 2024,1773039848850411880,TRUE,1773039460256477463,FALSE,FALSE,6628,1,12,0,en,2018-04-14,Temet Nosce ğŸ‘ï¸,@nayibbukele Nayib G doing all the right things for his people and country ğŸ”¥ğŸ‘ Godspeed ğŸ‡¸ğŸ‡»
https://x.com/AbelTamaca/status/1773039892236300691,Wed Mar 27 17:30:26 +0000 2024,1773039892236300691,TRUE,1773039460256477463,FALSE,FALSE,180,0,1,0,es,2023-09-02,,@nayibbukele Muy bien
https://x.com/IvanAri3704561/status/1773039913270735014,Wed Mar 27 17:30:31 +0000 2024,1773039913270735014,TRUE,1773039460256477463,FALSE,FALSE,525,1,1,0,es,2024-01-05,,"@nayibbukele Ahora hay fiesta en capres.
Esperando esos tweets en madrugada cuando ya este en su punto mÃ¡s high con todo ese decomiso"
https://x.com/IsaiasSibrian/status/1773039945499762997,Wed Mar 27 17:30:39 +0000 2024,1773039945499762997,TRUE,1773039460256477463,FALSE,FALSE,105,0,0,0,es,2023-03-05,"La Paz, El Salvador",@nayibbukele Excelente felicitaciones a la fuerza armada en especial a la  marira....viva Bukele
https://x.com/ArmandoMelgar18/status/1773040051384914371,Wed Mar 27 17:31:04 +0000 2024,1773040051384914371,TRUE,1773039460256477463,FALSE,FALSE,294,0,2,2,es,2019-06-05,,@nayibbukele Se deberÃ­a reutisar en medicamentos ğŸ’Š
https://x.com/EduardoAlvearO2/status/1773064885233918202,Wed Mar 27 19:09:45 +0000 2024,1773064885233918202,TRUE,1773039460256477463,FALSE,FALSE,4,0,0,0,es,2022-04-26,,"@nayibbukele Presidente, refÃºndalos en una de sus cÃ¡rceles ejemplares"
https://x.com/LeoLow20/status/1773039659515355515,Wed Mar 27 17:29:30 +0000 2024,1773039659515355515,TRUE,1773039460256477463,FALSE,FALSE,414,0,1,0,es,2022-10-21,,@nayibbukele Bendiciones! CuÃ­dese. ğŸ™ğŸ™ğŸ™ğŸ™
https://x.com/alexvdgomez/status/1773039693157818508,Wed Mar 27 17:29:38 +0000 2024,1773039693157818508,TRUE,1773039460256477463,FALSE,FALSE,309,0,0,0,qme,2012-09-27,"Cypress, TX",@nayibbukele ğŸ‡¸ğŸ‡»ğŸ‘
https://x.com/Alex77_TK9/status/1773039927032221893,Wed Mar 27 17:30:34 +0000 2024,1773039927032221893,TRUE,1773039460256477463,FALSE,FALSE,353,0,1,0,es,2024-01-26,,"@nayibbukele ya va tiempo de modernizar la marina nacional y dar de baja esos barcos, no cree presi?"
https://x.com/CesarMarti43244/status/1773040056405492113,Wed Mar 27 17:31:05 +0000 2024,1773040056405492113,TRUE,1773039460256477463,FALSE,FALSE,190,0,1,0,es,2023-09-17,,@nayibbukele Excelente mi gente
https://x.com/Jesus15197911/status/1773040086931636449,Wed Mar 27 17:31:12 +0000 2024,1773040086931636449,TRUE,1773039460256477463,FALSE,FALSE,130,1,3,0,es,2022-06-29,,"@nayibbukele Excelente MARINA NACIONAL
FTNT"
https://x.com/Keizrel/status/1773040099044815226,Wed Mar 27 17:31:15 +0000 2024,1773040099044815226,TRUE,1773039460256477463,FALSE,FALSE,80,0,0,0,es,2023-07-21,El Salvador,"@nayibbukele Seguramente iba a parar a USA, son consumidores de todo tipo de drogas"
https://x.com/allh_albast/status/1773040152039883077,Wed Mar 27 17:31:28 +0000 2024,1773040152039883077,TRUE,1773039460256477463,FALSE,FALSE,55,0,0,0,en,2022-10-04,  Ø§Ù„ÙŠÙ…Ù† ,@nayibbukele A greeting from all the good people in the world ğŸ™
https://x.com/Elbys30209663/status/1773040161560887368,Wed Mar 27 17:31:30 +0000 2024,1773040161560887368,TRUE,1773039460256477463,FALSE,FALSE,120,0,0,0,qme,2020-05-01,"Windsor, Ontario",@nayibbukele ğŸ™ğŸ»ğŸ™ğŸ»ğŸ™ğŸ»ğŸ™ğŸ»ğŸ™ğŸ»ğŸ™ğŸ»ğŸ™ğŸ»ğŸ™ğŸ»ğŸ™ğŸ»ğŸ‘ğŸ»ğŸ‘ğŸ»ğŸ‘ğŸ»ğŸ‘ğŸ»ğŸ‘ğŸ»ğŸ‘ğŸ»ğŸ‘ğŸ»ğŸ‘ğŸ»ğŸ‘ğŸ»ğŸ‘ğŸ»ğŸ‡¨ğŸ‡¦
https://x.com/JuanJim40883526/status/1773040223972212747,Wed Mar 27 17:31:45 +0000 2024,1773040223972212747,TRUE,1773039460256477463,FALSE,FALSE,346,0,1,0,es,2022-02-01,,"@nayibbukele Buen trabajo al ejercito, ahora vendamosla y lo invertimos en $bitcoin por favor ğŸ˜†ğŸ˜†ğŸ˜…ğŸ˜…"
https://x.com/giovadeth/status/1773040245946069500,Wed Mar 27 17:31:50 +0000 2024,1773040245946069500,TRUE,1773039460256477463,FALSE,FALSE,200,0,2,0,es,2011-02-08,Guayaquil,"@nayibbukele Bien presi,,,"
https://x.com/mibukele/status/1773040348429758662,Wed Mar 27 17:32:15 +0000 2024,1773040348429758662,TRUE,1773039460256477463,FALSE,FALSE,245,0,3,0,es,2021-03-12,.,@nayibbukele Ya les van a quitar otra visa a algÃºn ministro viceministro y personas que hacen posible esto ğŸ˜’
https://x.com/Yoni66604823/status/1773040556173635663,Wed Mar 27 17:33:04 +0000 2024,1773040556173635663,TRUE,1773039460256477463,FALSE,FALSE,80,0,0,0,qme,2019-07-29,"California, USA",@nayibbukele https://t.co/IM1c0lX8Dr
https://x.com/pajaroazulbasu1/status/1773040557230621043,Wed Mar 27 17:33:05 +0000 2024,1773040557230621043,TRUE,1773039460256477463,FALSE,FALSE,110,0,0,0,es,2022-11-13,,@nayibbukele Excelente trabajo
https://x.com/esmeascenciosv/status/1773040577786888419,Wed Mar 27 17:33:09 +0000 2024,1773040577786888419,TRUE,1773039460256477463,FALSE,FALSE,647,2,8,0,es,2020-05-12,"San Salvador, El Salvador",@nayibbukele Lucha frontal contra el narcotrÃ¡fico ğŸ‘ŠğŸ»
https://x.com/JjMarEst/status/1773040606329155970,Wed Mar 27 17:33:16 +0000 2024,1773040606329155970,TRUE,1773039460256477463,FALSE,FALSE,103,0,0,0,qme,2019-06-12,El Salvador,@nayibbukele ğŸ‘ğŸ¼ğŸ‘ğŸ¼ğŸ‘ğŸ¼ğŸ‘ğŸ¼ğŸ‘ğŸ¼ https://t.co/bR8FEveAjS
https://x.com/SamalotGil67961/status/1773040658309111905,Wed Mar 27 17:33:29 +0000 2024,1773040658309111905,TRUE,1773039460256477463,FALSE,FALSE,99,0,1,0,es,2024-01-04,,@nayibbukele Muchas felicidades a la Marina  Nacional y a usted Sr Presidente. Saludos desde Puerto Rico.
https://x.com/HectorPmendez/status/1773040769512681963,Wed Mar 27 17:33:55 +0000 2024,1773040769512681963,TRUE,1773039460256477463,FALSE,FALSE,170,0,1,0,es,2017-04-20,,@nayibbukele En el rumbo de la historia correcto para nuestro paÃ­s
https://x.com/LuisGon54244613/status/1773040824625877220,Wed Mar 27 17:34:08 +0000 2024,1773040824625877220,TRUE,1773039460256477463,FALSE,FALSE,18,0,0,0,es,2021-08-05,"Mejillones, Chile",@nayibbukele Ahora una piedra amarrada y listo. Basta de delincuentes.
https://x.com/ChaloElSalvador/status/1773040881018208768,Wed Mar 27 17:34:22 +0000 2024,1773040881018208768,TRUE,1773039460256477463,FALSE,FALSE,71,0,0,0,qme,2020-10-05,Ya tengo Bitcoin...,@nayibbukele ğŸ™â¤ï¸ğŸ‡¸ğŸ‡»
https://x.com/wil_sv2/status/1773040319002530061,Wed Mar 27 17:32:08 +0000 2024,1773040319002530061,TRUE,1773039460256477463,FALSE,FALSE,762,0,6,1,es,2020-04-20, ğŸ•µï¸ğŸ•µï¸ğŸ•µï¸,@nayibbukele De aplicar para gestores de paz venÃ­an de Colombia
https://x.com/Carlo83100248/status/1773040791843168745,Wed Mar 27 17:34:00 +0000 2024,1773040791843168745,TRUE,1773039460256477463,FALSE,FALSE,218,1,0,0,es,2021-12-31,"Washington, NJ",@nayibbukele ğŸ”¥ğŸ”¥ğŸ”¥ğŸ”¥ğŸ”¥ğŸ”¥ğŸ”¥ğŸ”¥ğŸ‘ğŸ‘ğŸ‘ğŸ‘ğŸ‘ğŸ‘ğŸ‡¸ğŸ‡»ğŸ‡¸ğŸ‡»ğŸ‡¸ğŸ‡»ğŸ‡¸ğŸ‡»ğŸ‡¸ğŸ‡»ğŸ˜®ğŸ˜®ğŸ˜®ğŸ˜® excelente trabajo ğŸ˜®ğŸ˜®ğŸ˜®ğŸ˜®
https://x.com/lajitomata/status/1773040952015213051,Wed Mar 27 17:34:39 +0000 2024,1773040952015213051,TRUE,1773039460256477463,FALSE,FALSE,70,0,4,0,es,2009-04-21,,@nayibbukele Estos no entienden que El Salvador ya no es corredor de drogas .
https://x.com/Elbys30209663/status/1773040967827808490,Wed Mar 27 17:34:42 +0000 2024,1773040967827808490,TRUE,1773039460256477463,FALSE,FALSE,151,0,1,0,qme,2020-05-01,"Windsor, Ontario",@nayibbukele ğŸ‘ğŸ»ğŸ‘ğŸ»ğŸ‘ğŸ»ğŸ‘ğŸ»ğŸ‘ğŸ»ğŸ‘ğŸ»ğŸ‘ğŸ»ğŸ‘ğŸ»ğŸ‘ğŸ»ğŸ‘ğŸ»ğŸ‘ğŸ»ğŸ‘ğŸ»ğŸ‘ğŸ»ğŸ™ğŸ»ğŸ™ğŸ»ğŸ™ğŸ»ğŸ™ğŸ»
https://x.com/AwajiBaikundou/status/1771618214394671520,Sat Mar 23 19:21:12 +0000 2024,1771618214394671520,FALSE,,FALSE,FALSE,236287,3,43,6,ja,2010-03-14,å…µåº« æ·¡è·¯å¸‚,"çš†æ§˜ã”å­˜çŸ¥æ·¡è·¯å³¶ã® #ãƒ™ã‚«ã‚³ï¼

ãƒ™ã‚«ã‚³ã‚‚ãƒ™ã‚³ã‚‚ã‚¨ã‚µè¦ã‚‰ãšã€‚

å£ã®é–‹ã‘é–‰ã‚ã¯æ¨ªã¸ã‚¹ãƒ©ã‚¤ãƒ‰ã•...

æ·¡è·¯æ¢…è–«å ‚æ±Ÿäº•å·¥å ´
å…µåº«çœŒæ·¡è·¯å¸‚æ±Ÿäº•2738-2 
https://t.co/iknLNFazsP

#æ·¡è·¯æ¢…è–«å ‚
#æ·¡è·¯æ¢…è–«å ‚æ±Ÿäº•å·¥å ´
#bekako
#æ·¡è·¯å³¶æ—…è¡Œ
#æ·¡è·¯å³¶è¦³å…‰åæ‰€
#æ±Ÿäº•
#æ·¡è·¯å³¶
#æ·¡è·¯å³¶ç‰¹ç”£å“
#æ·¡è·¯å³¶ç‰¹ç”£
#æ·¡è·¯å³¶åç”£å“
#æ·¡è·¯å³¶åç”£
#æ·¡è·¯å³¶ã‚°ãƒ«ãƒ¡
#æ·¡è·¯å³¶åœ°å ´ç”£æ¥­
#æ·¡è·¯å¸‚
#awajishima
#awajiisland
#ç·šé¦™
#ãŠé¦™
#ãŠé¦™å°‚é–€åº— 
#ãŠé¦™å±‹ã•ã‚“ 
#ç·šé¦™ã®é¦™ã‚Š 
#ã‹ãŠã‚Šé¢¨æ™¯100é¸ 
#ã‹ãŠã‚Šé¢¨æ™¯ç™¾é¸ 
#ã‹ãŠã‚Šé¢¨æ™¯100é¸ã®åœ° 
#é¦™ã‚Š
#incense
#ã‹ãŠã‚Š
#ã‹ãŠã‚Šã®ã¾ã¡ 
#ã‹ãŠã‚Šã®è¡—
#ã‹ãŠã‚Šã®ç”º"
https://x.com/edisonjiangwei/status/1773041107032588316,Wed Mar 27 17:35:16 +0000 2024,1773041107032588316,TRUE,1773039460256477463,FALSE,FALSE,259,0,3,0,en,2022-10-31,"MontrÃ©al, QuÃ©bec",@nayibbukele You are awesome. I told all my Chinese friends go to your country  to do business
https://x.com/lupitamor8/status/1773041353091346744,Wed Mar 27 17:36:14 +0000 2024,1773041353091346744,TRUE,1773039460256477463,FALSE,FALSE,169,0,4,0,und,2018-09-08,,@nayibbukele Wow!
https://x.com/NoeAmay48412876/status/1773041820429160764,Wed Mar 27 17:38:06 +0000 2024,1773041820429160764,TRUE,1773039460256477463,FALSE,FALSE,785,0,2,3,es,2019-07-14,,"@nayibbukele Siempre me he preguntado, Â¿que hacen con la droga incautada?
SeÃ±or presidente tal vez nos puede ilustrar."
https://x.com/PinkButterflyII/status/1773041991711858777,Wed Mar 27 17:38:47 +0000 2024,1773041991711858777,TRUE,1773039460256477463,FALSE,FALSE,36,0,3,0,es,2016-04-18,EspaÃ±a,"@nayibbukele En EspaÃ±a les dejan entrar y si matan a dos Guardias civiles como pasÃ³ en Barbate, no pasa nada. El gobierno lo tapa todo."
https://x.com/OscarCarabante2/status/1773042001786650841,Wed Mar 27 17:38:49 +0000 2024,1773042001786650841,TRUE,1773039460256477463,FALSE,FALSE,11249,12,76,1,es,2020-03-01,,"#DuroGolpeParaElNarcotrafico

#NuestraMarinaNacional 
incautÃ³ una lancha a 490 Millas NÃ¡uticas al Suroeste de la Bocana el Cordoncillo, #EsteroDeJaltepeque.

A bordo de la ğŸš¤ #narcotraficante
se encontraban 
9 tripulantes; entre ellos, 
6 Ecuatorianos y 
3 Guatemaltecos.

Se estima aproximadamente 
1.48 toneladas de cocaÃ­na, valoradas en unos
37 millones de ğŸ’°.

#PlanControlTerritorial"
https://x.com/JC13907838/status/1773042995433984207,Wed Mar 27 17:42:46 +0000 2024,1773042995433984207,TRUE,1773039460256477463,FALSE,FALSE,201,0,2,0,es,2021-04-05,Central America,@nayibbukele Ya es hora que Marosos y Narcos entiendan que en El Salvador SE LES ACABÃ“ LA FIESTA!!! https://t.co/AIZFlVJUgk
https://x.com/ElGiosue063/status/1773040245174374452,Wed Mar 27 17:31:50 +0000 2024,1773040245174374452,TRUE,1773039460256477463,FALSE,FALSE,355,0,1,1,es,2021-05-02,,@nayibbukele HabrÃ¡ festÃ­n esta noche en casa de ____________
https://x.com/RafaelMefistof1/status/1773040323519709496,Wed Mar 27 17:32:09 +0000 2024,1773040323519709496,TRUE,1773039460256477463,FALSE,FALSE,154,0,0,0,es,2020-06-30,"Ayutuxtepeque, San Salvador",@nayibbukele Juela que duro golpe a los Narcos! https://t.co/NzTBb6Ig3u
https://x.com/petrorrea/status/1773040353848832367,Wed Mar 27 17:32:16 +0000 2024,1773040353848832367,TRUE,1773039460256477463,FALSE,FALSE,8,0,0,0,es,2021-12-30,Popayan,@nayibbukele Petro se va a emputar por eso!
https://x.com/craigtherandall/status/1773040600029270059,Wed Mar 27 17:33:15 +0000 2024,1773040600029270059,TRUE,1773039460256477463,FALSE,FALSE,162,0,0,0,es,2009-02-19,The Mountains,"@nayibbukele Sigue fiel, pte. âœŠ"
https://x.com/BTC_SCO1/status/1773040712231076222,Wed Mar 27 17:33:41 +0000 2024,1773040712231076222,TRUE,1773039460256477463,FALSE,FALSE,225,0,2,0,en,2021-07-29,,@nayibbukele Sell it for Bitcoin!
https://x.com/KarlaFi34723648/status/1773040883463536865,Wed Mar 27 17:34:22 +0000 2024,1773040883463536865,TRUE,1773039460256477463,FALSE,FALSE,131,0,0,0,qme,2020-02-12,,@nayibbukele ğŸ‘ğŸ‘ğŸ‘ğŸ‘
https://x.com/AlisPeraza/status/1773041026761982112,Wed Mar 27 17:34:56 +0000 2024,1773041026761982112,TRUE,1773039460256477463,FALSE,FALSE,429,0,2,1,en,2008-12-11,"Laguna Niguel, CA",@nayibbukele Diddy did it... ğŸ˜‚
https://x.com/Alfredo77346531/status/1773041042717114584,Wed Mar 27 17:35:00 +0000 2024,1773041042717114584,TRUE,1773039460256477463,FALSE,FALSE,402,1,4,0,es,2023-09-14,,@nayibbukele Bendiciones para el mejor presidente del mundo ğŸ˜‡ ğŸ˜‡
https://x.com/4TheBarto/status/1773041137680318908,Wed Mar 27 17:35:23 +0000 2024,1773041137680318908,TRUE,1773039460256477463,FALSE,FALSE,24,0,0,0,es,2021-11-18,,"@nayibbukele @nayibbukele vente a gobernar EspaÃ±a, por favor"
https://x.com/JEstradaOG/status/1773041321101472254,Wed Mar 27 17:36:07 +0000 2024,1773041321101472254,TRUE,1773039460256477463,FALSE,FALSE,188,0,0,0,es,2023-04-04,"Bali, Indonesia",@nayibbukele Son $37M que puedes usar para comprar #pulsechain #pulsex #hex #inc  que son mucho mejores que btc
https://x.com/Frank_Miron_1/status/1773041411840995770,Wed Mar 27 17:36:28 +0000 2024,1773041411840995770,TRUE,1773039460256477463,FALSE,FALSE,384,1,14,0,es,2023-07-20,"Santa Ana, El Salvador",@nayibbukele Al narco-presidente @petrogustavo no le gustarÃ¡ esta noticia! https://t.co/QcFc7KuZDT
https://x.com/AaronLemus10/status/1773041651293851710,Wed Mar 27 17:37:25 +0000 2024,1773041651293851710,TRUE,1773039460256477463,FALSE,FALSE,154,0,8,0,es,2018-05-23,Northridge ,"@nayibbukele Bienvenidos a El Salvador  tripulaciÃ³n de 9, aquÃ­ serÃ¡ su hogar por los prÃ³ximos 40 aÃ±os.    Ser pobre no significa que debas hacer el mal a otros. Mejor pobre pero  con valores costumbres y religiÃ³n"
https://x.com/HGrivel/status/1773042922050474026,Wed Mar 27 17:42:28 +0000 2024,1773042922050474026,TRUE,1773039460256477463,FALSE,FALSE,358,0,1,1,es,2012-05-07,,@nayibbukele MÃ¡s Bitcoin con eso
https://x.com/Victor00535879/status/1773043001536737470,Wed Mar 27 17:42:47 +0000 2024,1773043001536737470,TRUE,1773039460256477463,FALSE,FALSE,74,0,0,1,es,2022-06-16,,@nayibbukele AY NOS PENDEJOS AQUI PONIENDO COMENTARIOS MIERDAS COMO LO SON ELLOS SERAQUE USTEDES ESTAVAN ESPERANDO ESE CARGAMENTO
https://x.com/britenergy1/status/1773043082910445952,Wed Mar 27 17:43:07 +0000 2024,1773043082910445952,TRUE,1773039460256477463,FALSE,FALSE,250,0,0,0,es,2018-02-23,,"@nayibbukele La pena la misma que los pandilleros, 60 aÃ±os, pero en el Salvador y realizando servicios forzados. En ecuador saldrÃ¡n libres la prÃ³xima semana y los verÃ¡n en una nueva lancha en dos semanas en el Salvador."
https://x.com/AwajiBaikundou/status/1771618214394671520,Sat Mar 23 19:21:12 +0000 2024,1771618214394671520,FALSE,,FALSE,FALSE,236287,3,43,6,ja,2010-03-14,å…µåº« æ·¡è·¯å¸‚,"çš†æ§˜ã”å­˜çŸ¥æ·¡è·¯å³¶ã® #ãƒ™ã‚«ã‚³ï¼

ãƒ™ã‚«ã‚³ã‚‚ãƒ™ã‚³ã‚‚ã‚¨ã‚µè¦ã‚‰ãšã€‚

å£ã®é–‹ã‘é–‰ã‚ã¯æ¨ªã¸ã‚¹ãƒ©ã‚¤ãƒ‰ã•...

æ·¡è·¯æ¢…è–«å ‚æ±Ÿäº•å·¥å ´
å…µåº«çœŒæ·¡è·¯å¸‚æ±Ÿäº•2738-2 
https://t.co/iknLNFazsP

#æ·¡è·¯æ¢…è–«å ‚
#æ·¡è·¯æ¢…è–«å ‚æ±Ÿäº•å·¥å ´
#bekako
#æ·¡è·¯å³¶æ—…è¡Œ
#æ·¡è·¯å³¶è¦³å…‰åæ‰€
#æ±Ÿäº•
#æ·¡è·¯å³¶
#æ·¡è·¯å³¶ç‰¹ç”£å“
#æ·¡è·¯å³¶ç‰¹ç”£
#æ·¡è·¯å³¶åç”£å“
#æ·¡è·¯å³¶åç”£
#æ·¡è·¯å³¶ã‚°ãƒ«ãƒ¡
#æ·¡è·¯å³¶åœ°å ´ç”£æ¥­
#æ·¡è·¯å¸‚
#awajishima
#awajiisland
#ç·šé¦™
#ãŠé¦™
#ãŠé¦™å°‚é–€åº— 
#ãŠé¦™å±‹ã•ã‚“ 
#ç·šé¦™ã®é¦™ã‚Š 
#ã‹ãŠã‚Šé¢¨æ™¯100é¸ 
#ã‹ãŠã‚Šé¢¨æ™¯ç™¾é¸ 
#ã‹ãŠã‚Šé¢¨æ™¯100é¸ã®åœ° 
#é¦™ã‚Š
#incense
#ã‹ãŠã‚Š
#ã‹ãŠã‚Šã®ã¾ã¡ 
#ã‹ãŠã‚Šã®è¡—
#ã‹ãŠã‚Šã®ç”º"
https://x.com/RosasUgaitz/status/1773043530115465556,Wed Mar 27 17:44:53 +0000 2024,1773043530115465556,TRUE,1773039460256477463,FALSE,FALSE,95,0,3,0,en,2020-09-09,,@nayibbukele Al CECOT ğŸ˜‚ğŸ˜‚ğŸ˜‚
https://x.com/CantareroP75895/status/1773043825247666345,Wed Mar 27 17:46:04 +0000 2024,1773043825247666345,TRUE,1773039460256477463,FALSE,FALSE,83,0,0,0,es,2023-03-25,,@nayibbukele ğŸ‘ğŸ‘ğŸ‘ğŸ‘ğŸ‘ğŸ‘ğŸ‘ğŸ‘ hoy el gobierno del presidente @nayibbukele es LA LEY DEL ORDEN SALVADOREÃ‘O NO MÃS CORRUPCIÃ“N Dios bendiga a todos los q resguardan el paÃ­s al pueblo salvadoreÃ±o Gracias presidente Nayib lo amamos mucho a uste y todos los q trabajan cn usted
https://x.com/CelinaR72500736/status/1773044325091324120,Wed Mar 27 17:48:03 +0000 2024,1773044325091324120,TRUE,1773039460256477463,FALSE,FALSE,75,0,0,0,qme,2022-06-03,,@nayibbukele ğŸ«¡
https://x.com/JCruz24637/status/1773044413066780788,Wed Mar 27 17:48:24 +0000 2024,1773044413066780788,TRUE,1773039460256477463,FALSE,FALSE,41,0,0,0,es,2023-09-13,,"@nayibbukele Excelente trabajo Marina Nacional
#protegiendolosinteresesmaritimos
#durogolpealnarcotrafico"
https://x.com/_Brozito/status/1773044498223739104,Wed Mar 27 17:48:44 +0000 2024,1773044498223739104,TRUE,1773039460256477463,FALSE,FALSE,676,0,3,0,qme,2010-06-30,El Salvador.,@nayibbukele ğŸ‡¸ğŸ‡»ğŸ‘ğŸ¼
https://x.com/Alaanestib/status/1773041324444303623,Wed Mar 27 17:36:07 +0000 2024,1773041324444303623,TRUE,1773039460256477463,FALSE,FALSE,191,0,2,0,es,2021-06-19,"Quito, Ecuador",@nayibbukele Ecuador siempre destacÃ¡ndose internacionalmente ğŸ¤ğŸ»
https://x.com/AscHenry/status/1773041353288471003,Wed Mar 27 17:36:14 +0000 2024,1773041353288471003,TRUE,1773039460256477463,FALSE,FALSE,270,0,0,0,es,2020-08-09,United States,"@nayibbukele Muchos de aquellos ojos verdes no estaran felices. ğŸ˜¬ğŸ˜¬
Aver si no se enoja el abuelo brandon que le decomizaron el negocio al hijo ğŸ˜„"
https://x.com/AwajiBaikundou/status/1771618214394671520,Sat Mar 23 19:21:12 +0000 2024,1771618214394671520,FALSE,,FALSE,FALSE,236287,3,43,6,ja,2010-03-14,å…µåº« æ·¡è·¯å¸‚,"çš†æ§˜ã”å­˜çŸ¥æ·¡è·¯å³¶ã® #ãƒ™ã‚«ã‚³ï¼

ãƒ™ã‚«ã‚³ã‚‚ãƒ™ã‚³ã‚‚ã‚¨ã‚µè¦ã‚‰ãšã€‚

å£ã®é–‹ã‘é–‰ã‚ã¯æ¨ªã¸ã‚¹ãƒ©ã‚¤ãƒ‰ã•...

æ·¡è·¯æ¢…è–«å ‚æ±Ÿäº•å·¥å ´
å…µåº«çœŒæ·¡è·¯å¸‚æ±Ÿäº•2738-2 
https://t.co/iknLNFazsP

#æ·¡è·¯æ¢…è–«å ‚
#æ·¡è·¯æ¢…è–«å ‚æ±Ÿäº•å·¥å ´
#bekako
#æ·¡è·¯å³¶æ—…è¡Œ
#æ·¡è·¯å³¶è¦³å…‰åæ‰€
#æ±Ÿäº•
#æ·¡è·¯å³¶
#æ·¡è·¯å³¶ç‰¹ç”£å“
#æ·¡è·¯å³¶ç‰¹ç”£
#æ·¡è·¯å³¶åç”£å“
#æ·¡è·¯å³¶åç”£
#æ·¡è·¯å³¶ã‚°ãƒ«ãƒ¡
#æ·¡è·¯å³¶åœ°å ´ç”£æ¥­
#æ·¡è·¯å¸‚
#awajishima
#awajiisland
#ç·šé¦™
#ãŠé¦™
#ãŠé¦™å°‚é–€åº— 
#ãŠé¦™å±‹ã•ã‚“ 
#ç·šé¦™ã®é¦™ã‚Š 
#ã‹ãŠã‚Šé¢¨æ™¯100é¸ 
#ã‹ãŠã‚Šé¢¨æ™¯ç™¾é¸ 
#ã‹ãŠã‚Šé¢¨æ™¯100é¸ã®åœ° 
#é¦™ã‚Š
#incense
#ã‹ãŠã‚Š
#ã‹ãŠã‚Šã®ã¾ã¡ 
#ã‹ãŠã‚Šã®è¡—
#ã‹ãŠã‚Šã®ç”º"
https://x.com/panchoanatemas/status/1773041403615948955,Wed Mar 27 17:36:26 +0000 2024,1773041403615948955,TRUE,1773039460256477463,FALSE,FALSE,356,0,2,0,es,2014-01-31,,@nayibbukele En El Salvador no mandan botecitos de hule a interceptar a narcotraficantes. Parece que eso solo pasa en EspaÃ±aâ€¦ ğŸ¤”
https://x.com/jose9022/status/1773041528367165869,Wed Mar 27 17:36:56 +0000 2024,1773041528367165869,TRUE,1773039460256477463,FALSE,FALSE,108,0,0,0,es,2010-07-28,RepÃºblica Dominicana,@nayibbukele A @petrogustavo no le gusta esto.
https://x.com/anguelito1987/status/1773041535216488881,Wed Mar 27 17:36:58 +0000 2024,1773041535216488881,TRUE,1773039460256477463,FALSE,FALSE,108,0,0,0,es,2010-08-21,Guayaquil,"@nayibbukele Eso es atacar al problema, no como acÃ¡ yendo a socio vivienda para hacer un show"
https://x.com/juantogarport/status/1773041566577226106,Wed Mar 27 17:37:05 +0000 2024,1773041566577226106,TRUE,1773039460256477463,FALSE,FALSE,25,0,0,0,es,2020-01-19,,@nayibbukele Que excelente trabajo.
https://x.com/GreenHat77/status/1773041668847022156,Wed Mar 27 17:37:30 +0000 2024,1773041668847022156,TRUE,1773039460256477463,FALSE,FALSE,27,0,0,0,qme,2023-03-24,,@nayibbukele https://t.co/kvLdXHY28r
https://x.com/SXxspace/status/1773041806072070549,Wed Mar 27 17:38:02 +0000 2024,1773041806072070549,TRUE,1773039460256477463,FALSE,FALSE,236,0,0,0,es,2021-06-09,,@nayibbukele Excelente trabajo ğŸ‘ y hay que ir dotando de mas barcos patrullas a nuestros valientes marinos ğŸ’ªğŸ‡¸ğŸ‡»ğŸ’ª
https://x.com/jackel04385005/status/1773041835990007848,Wed Mar 27 17:38:09 +0000 2024,1773041835990007848,TRUE,1773039460256477463,FALSE,FALSE,85,0,0,0,qme,2022-08-18,ROMA ..ITALIA,@nayibbukele ğŸ‘ğŸ‘ğŸ‘ğŸ‘ğŸ‘ğŸ‘ğŸ‘ğŸ‘ğŸ§¢
https://x.com/sekobarrera/status/1773042501898649669,Wed Mar 27 17:40:48 +0000 2024,1773042501898649669,TRUE,1773039460256477463,FALSE,FALSE,30,0,2,0,es,2014-10-02,,"@nayibbukele Y eso que todavÃ­a no estÃ¡n los caza aviones , para un mejor apoyo y control, exelente un paÃ­s libre de corrupcion,  drogas, sin pandilleros y en camino a una mejor economÃ­a"
https://x.com/rubi862_e/status/1773041678133190759,Wed Mar 27 17:37:32 +0000 2024,1773041678133190759,TRUE,1773039460256477463,FALSE,FALSE,156,0,3,0,es,2024-01-10,,"@nayibbukele Fuerza de Tarea Naval Tridente
 ğŸ‘ğŸ¥·ğŸ«¡"
https://x.com/ProteoC/status/1773042906116342258,Wed Mar 27 17:42:25 +0000 2024,1773042906116342258,TRUE,1773039460256477463,FALSE,FALSE,295,1,6,0,es,2020-06-04,,@nayibbukele Excelente trabajo de la Marina Nacional.
https://x.com/AwajiBaikundou/status/1771618214394671520,Sat Mar 23 19:21:12 +0000 2024,1771618214394671520,FALSE,,FALSE,FALSE,236286,3,43,6,ja,2010-03-14,å…µåº« æ·¡è·¯å¸‚,"çš†æ§˜ã”å­˜çŸ¥æ·¡è·¯å³¶ã® #ãƒ™ã‚«ã‚³ï¼

ãƒ™ã‚«ã‚³ã‚‚ãƒ™ã‚³ã‚‚ã‚¨ã‚µè¦ã‚‰ãšã€‚

å£ã®é–‹ã‘é–‰ã‚ã¯æ¨ªã¸ã‚¹ãƒ©ã‚¤ãƒ‰ã•...

æ·¡è·¯æ¢…è–«å ‚æ±Ÿäº•å·¥å ´
å…µåº«çœŒæ·¡è·¯å¸‚æ±Ÿäº•2738-2 
https://t.co/iknLNFazsP

#æ·¡è·¯æ¢…è–«å ‚
#æ·¡è·¯æ¢…è–«å ‚æ±Ÿäº•å·¥å ´
#bekako
#æ·¡è·¯å³¶æ—…è¡Œ
#æ·¡è·¯å³¶è¦³å…‰åæ‰€
#æ±Ÿäº•
#æ·¡è·¯å³¶
#æ·¡è·¯å³¶ç‰¹ç”£å“
#æ·¡è·¯å³¶ç‰¹ç”£
#æ·¡è·¯å³¶åç”£å“
#æ·¡è·¯å³¶åç”£
#æ·¡è·¯å³¶ã‚°ãƒ«ãƒ¡
#æ·¡è·¯å³¶åœ°å ´ç”£æ¥­
#æ·¡è·¯å¸‚
#awajishima
#awajiisland
#ç·šé¦™
#ãŠé¦™
#ãŠé¦™å°‚é–€åº— 
#ãŠé¦™å±‹ã•ã‚“ 
#ç·šé¦™ã®é¦™ã‚Š 
#ã‹ãŠã‚Šé¢¨æ™¯100é¸ 
#ã‹ãŠã‚Šé¢¨æ™¯ç™¾é¸ 
#ã‹ãŠã‚Šé¢¨æ™¯100é¸ã®åœ° 
#é¦™ã‚Š
#incense
#ã‹ãŠã‚Š
#ã‹ãŠã‚Šã®ã¾ã¡ 
#ã‹ãŠã‚Šã®è¡—
#ã‹ãŠã‚Šã®ç”º"
https://x.com/Alexand10103720/status/1773043011607273683,Wed Mar 27 17:42:50 +0000 2024,1773043011607273683,TRUE,1773039460256477463,FALSE,FALSE,547,1,6,1,es,2019-06-04,,"@nayibbukele Resultados contundentes de la @FUERZARMADASV a travÃ©s de la Marina Nacional, ""Mare Nostrum""."
https://x.com/RayEscamilla10/status/1773043708562223332,Wed Mar 27 17:45:36 +0000 2024,1773043708562223332,TRUE,1773039460256477463,FALSE,FALSE,210,3,9,0,es,2019-02-04,,"@nayibbukele Nuestras aguas siempre permanecen seguras gracias nuestros hombres de mar!!!ğŸ”±ğŸŒŠ
#DuroGolpeAlNarcotrafico 
#PlanControlTerritorial"
https://x.com/Francis77398640/status/1773043798500634784,Wed Mar 27 17:45:57 +0000 2024,1773043798500634784,TRUE,1773039460256477463,FALSE,FALSE,161,1,1,0,es,2019-06-16,,@nayibbukele Exelente trabajo Marina Nacional.
https://x.com/JOkpuruka/status/1773043909083430983,Wed Mar 27 17:46:24 +0000 2024,1773043909083430983,TRUE,1773039460256477463,FALSE,FALSE,1697,1,8,0,en,2023-02-13,"Blue Earth, MN",@nayibbukele Good job presidente
https://x.com/carlospinedaSV/status/1773044337317716257,Wed Mar 27 17:48:06 +0000 2024,1773044337317716257,TRUE,1773039460256477463,FALSE,FALSE,318,1,3,0,es,2021-05-10,,"@nayibbukele Cuando un estado
Funciona hay resultados 
ğŸ‘ğŸ‘ğŸ‘"
https://x.com/JC_GRANDE/status/1773044526917017981,Wed Mar 27 17:48:51 +0000 2024,1773044526917017981,TRUE,1773039460256477463,FALSE,FALSE,362,1,4,0,es,2010-11-28,El Salvador,@nayibbukele La Marina Nacional demostrando su alto compromiso en la lucha contra el narcotrafico. BZ!
https://x.com/MarioOr57716921/status/1773044700481540300,Wed Mar 27 17:49:32 +0000 2024,1773044700481540300,TRUE,1773039460256477463,FALSE,FALSE,144,1,1,0,es,2019-01-14,,@nayibbukele Excelemte trabajo! Felicidades
https://x.com/C10H15NWalt/status/1773045337826975971,Wed Mar 27 17:52:04 +0000 2024,1773045337826975971,TRUE,1773039460256477463,FALSE,FALSE,60,0,3,0,es,2021-09-30,"Nuevo MÃ©xico, USA ğŸ‘½ğŸ›¸",@nayibbukele Ya tenÃ©s para inhalar de aquÃ­ a navidad.
https://x.com/AlonsoS91269608/status/1773043831446909133,Wed Mar 27 17:46:05 +0000 2024,1773043831446909133,TRUE,1773039460256477463,FALSE,FALSE,162,0,1,0,qme,2023-04-02,,@nayibbukele #protejiendolosinteresesmaritimos
https://x.com/AlanYanfrank/status/1773044434302570524,Wed Mar 27 17:48:29 +0000 2024,1773044434302570524,TRUE,1773039460256477463,FALSE,FALSE,7,0,1,0,es,2024-03-21,,@nayibbukele Perfecto
https://x.com/HidHonam/status/1773045528978215162,Wed Mar 27 17:52:50 +0000 2024,1773045528978215162,TRUE,1773039460256477463,FALSE,FALSE,281,2,9,0,es,2015-01-18,El Salvador,@nayibbukele Excelente trabajo #MarinaNacional contribuyendo a la comunidad internacional en el combate al trÃ¡fico de drogas. Gran compromiso del Estado SalvadoreÃ±o #MuralladelPacifico
https://x.com/Jaimehe62081987/status/1773046113945178237,Wed Mar 27 17:55:09 +0000 2024,1773046113945178237,TRUE,1773039460256477463,FALSE,FALSE,116,0,2,0,qme,2022-05-10,Everywhere,@nayibbukele ğŸ‡¸ğŸ‡»ğŸ‘ğŸ‘ğŸ™ğŸ‘ğŸ‘ğŸ‡¸ğŸ‡»
https://x.com/Cristin87270717/status/1773046180756275340,Wed Mar 27 17:55:25 +0000 2024,1773046180756275340,TRUE,1773039460256477463,FALSE,FALSE,196,0,1,1,es,2023-07-28,,@nayibbukele Me sorprende que no habÃ­a ningÃºn colombiano ğŸ¤·ğŸ»â€â™€ï¸
https://x.com/odrabea/status/1773048514911543563,Wed Mar 27 18:04:42 +0000 2024,1773048514911543563,TRUE,1773039460256477463,FALSE,FALSE,183,0,1,0,es,2022-12-03,,@nayibbukele Se arrepentirÃ¡n de entrar en una cÃ¡rcel de el salvador ğŸ˜‚ğŸ˜‚ğŸ˜‚ğŸ˜‚
https://x.com/cuentosdemarte/status/1773049600762396944,Wed Mar 27 18:09:01 +0000 2024,1773049600762396944,TRUE,1773039460256477463,FALSE,FALSE,40,0,1,0,qme,2015-12-18,,@nayibbukele ğŸ‘ğŸ‘ğŸ‘
https://x.com/Infinit58119803/status/1773049813602271507,Wed Mar 27 18:09:51 +0000 2024,1773049813602271507,TRUE,1773039460256477463,FALSE,FALSE,152,0,4,0,qme,2021-10-19,,@nayibbukele ğŸ‡¸ğŸ‡»ğŸ˜ https://t.co/rVzyZikdqj
https://x.com/franciscomclaro/status/1773049872028954940,Wed Mar 27 18:10:05 +0000 2024,1773049872028954940,TRUE,1773039460256477463,FALSE,FALSE,78,0,1,0,es,2011-10-17,san salvador,@nayibbukele Excelente trabajo @MarinaNacional
https://x.com/silvinace1/status/1773053866193440880,Wed Mar 27 18:25:58 +0000 2024,1773053866193440880,TRUE,1773039460256477463,FALSE,FALSE,42,0,1,0,qme,2021-03-30,"Mar del Plata, Argentina",@nayibbukele ğŸ‘ğŸ‘ğŸ‘ğŸ’ªğŸ’ªğŸ’ª
https://x.com/JosephMgsa/status/1773041552153104662,Wed Mar 27 17:37:02 +0000 2024,1773041552153104662,TRUE,1773039460256477463,FALSE,FALSE,185,0,0,0,en,2019-01-19,Worldwide,"@nayibbukele Sell buy Bitcoin 
Usa will buy 
No worries 
Building industry"
https://x.com/Fachosfero24/status/1773042761823895893,Wed Mar 27 17:41:50 +0000 2024,1773042761823895893,TRUE,1773039460256477463,FALSE,FALSE,14,0,0,0,es,2023-10-19,,@nayibbukele Espero que no vuelvan a ver la luz.
https://x.com/AwajiBaikundou/status/1771618214394671520,Sat Mar 23 19:21:12 +0000 2024,1771618214394671520,FALSE,,FALSE,FALSE,236287,3,43,6,ja,2010-03-14,å…µåº« æ·¡è·¯å¸‚,"çš†æ§˜ã”å­˜çŸ¥æ·¡è·¯å³¶ã® #ãƒ™ã‚«ã‚³ï¼

ãƒ™ã‚«ã‚³ã‚‚ãƒ™ã‚³ã‚‚ã‚¨ã‚µè¦ã‚‰ãšã€‚

å£ã®é–‹ã‘é–‰ã‚ã¯æ¨ªã¸ã‚¹ãƒ©ã‚¤ãƒ‰ã•...

æ·¡è·¯æ¢…è–«å ‚æ±Ÿäº•å·¥å ´
å…µåº«çœŒæ·¡è·¯å¸‚æ±Ÿäº•2738-2 
https://t.co/iknLNFazsP

#æ·¡è·¯æ¢…è–«å ‚
#æ·¡è·¯æ¢…è–«å ‚æ±Ÿäº•å·¥å ´
#bekako
#æ·¡è·¯å³¶æ—…è¡Œ
#æ·¡è·¯å³¶è¦³å…‰åæ‰€
#æ±Ÿäº•
#æ·¡è·¯å³¶
#æ·¡è·¯å³¶ç‰¹ç”£å“
#æ·¡è·¯å³¶ç‰¹ç”£
#æ·¡è·¯å³¶åç”£å“
#æ·¡è·¯å³¶åç”£
#æ·¡è·¯å³¶ã‚°ãƒ«ãƒ¡
#æ·¡è·¯å³¶åœ°å ´ç”£æ¥­
#æ·¡è·¯å¸‚
#awajishima
#awajiisland
#ç·šé¦™
#ãŠé¦™
#ãŠé¦™å°‚é–€åº— 
#ãŠé¦™å±‹ã•ã‚“ 
#ç·šé¦™ã®é¦™ã‚Š 
#ã‹ãŠã‚Šé¢¨æ™¯100é¸ 
#ã‹ãŠã‚Šé¢¨æ™¯ç™¾é¸ 
#ã‹ãŠã‚Šé¢¨æ™¯100é¸ã®åœ° 
#é¦™ã‚Š
#incense
#ã‹ãŠã‚Š
#ã‹ãŠã‚Šã®ã¾ã¡ 
#ã‹ãŠã‚Šã®è¡—
#ã‹ãŠã‚Šã®ç”º"
https://x.com/c_john1591/status/1773042946645823704,Wed Mar 27 17:42:34 +0000 2024,1773042946645823704,TRUE,1773039460256477463,FALSE,FALSE,7,0,0,0,en,2023-11-06,,@nayibbukele Well done Nayib!
https://x.com/pazcruz11b/status/1773043478806585848,Wed Mar 27 17:44:41 +0000 2024,1773043478806585848,TRUE,1773039460256477463,FALSE,FALSE,5,0,0,0,es,2024-03-07,,@nayibbukele Se le estÃ¡ quebrando en negocio a #petro
https://x.com/ElizabethM24137/status/1773043547173756937,Wed Mar 27 17:44:57 +0000 2024,1773043547173756937,TRUE,1773039460256477463,FALSE,FALSE,10,0,0,0,es,2023-06-06,,@nayibbukele Denle duro y tirando al agua para que no lo vuelvan hacer . La patria les agradecerÃ­a.
https://x.com/recortesanidad/status/1773043690719592512,Wed Mar 27 17:45:32 +0000 2024,1773043690719592512,TRUE,1773039460256477463,FALSE,FALSE,16,0,0,0,es,2021-12-27,,"@nayibbukele DeberÃ­as montar una ""franquicia"" para poder votar sus polÃ­ticas para nuestros paÃ­ses."
https://x.com/elopinantelibre/status/1773043813423964447,Wed Mar 27 17:46:01 +0000 2024,1773043813423964447,TRUE,1773039460256477463,FALSE,FALSE,16,0,0,0,es,2019-03-16,,@nayibbukele Alguien no estarÃ¡ contento porque no llegÃ³ a su destino. Buen trabajo pesidente.
https://x.com/mammic2004/status/1773043982341136498,Wed Mar 27 17:46:41 +0000 2024,1773043982341136498,TRUE,1773039460256477463,FALSE,FALSE,71,0,0,0,qme,2014-10-04,,@nayibbukele ğŸ’ªğŸ’ªğŸ’ªğŸ’ª
https://x.com/TemporalStone/status/1773044424609517980,Wed Mar 27 17:48:27 +0000 2024,1773044424609517980,TRUE,1773039460256477463,FALSE,FALSE,54,0,0,0,en,2016-08-16,Maracay,"@nayibbukele I wish we had a president like you in our country, Vzla. (Written in English to be more eye-catching.)"
https://x.com/JoseHernan18176/status/1773044861005934734,Wed Mar 27 17:50:11 +0000 2024,1773044861005934734,TRUE,1773039460256477463,FALSE,FALSE,33,0,0,0,es,2023-08-14,,@nayibbukele Un duro golpe para la oposiciÃ³n y aquellos Gobiernos complices al narco.
https://x.com/BanksOflala/status/1773041362469900369,Wed Mar 27 17:36:16 +0000 2024,1773041362469900369,TRUE,1773039460256477463,FALSE,FALSE,85,0,0,0,en,2022-04-27,,@nayibbukele Engage with this tweet to earn $BLOCK
https://x.com/Pedrosito101/status/1773041493017559494,Wed Mar 27 17:36:48 +0000 2024,1773041493017559494,TRUE,1773039460256477463,FALSE,FALSE,47,0,0,0,et,2018-02-26,Cuba,@nayibbukele Vendela
https://x.com/AwajiBaikundou/status/1771618214394671520,Sat Mar 23 19:21:12 +0000 2024,1771618214394671520,FALSE,,FALSE,FALSE,236287,3,43,6,ja,2010-03-14,å…µåº« æ·¡è·¯å¸‚,"çš†æ§˜ã”å­˜çŸ¥æ·¡è·¯å³¶ã® #ãƒ™ã‚«ã‚³ï¼

ãƒ™ã‚«ã‚³ã‚‚ãƒ™ã‚³ã‚‚ã‚¨ã‚µè¦ã‚‰ãšã€‚

å£ã®é–‹ã‘é–‰ã‚ã¯æ¨ªã¸ã‚¹ãƒ©ã‚¤ãƒ‰ã•...

æ·¡è·¯æ¢…è–«å ‚æ±Ÿäº•å·¥å ´
å…µåº«çœŒæ·¡è·¯å¸‚æ±Ÿäº•2738-2 
https://t.co/iknLNFazsP

#æ·¡è·¯æ¢…è–«å ‚
#æ·¡è·¯æ¢…è–«å ‚æ±Ÿäº•å·¥å ´
#bekako
#æ·¡è·¯å³¶æ—…è¡Œ
#æ·¡è·¯å³¶è¦³å…‰åæ‰€
#æ±Ÿäº•
#æ·¡è·¯å³¶
#æ·¡è·¯å³¶ç‰¹ç”£å“
#æ·¡è·¯å³¶ç‰¹ç”£
#æ·¡è·¯å³¶åç”£å“
#æ·¡è·¯å³¶åç”£
#æ·¡è·¯å³¶ã‚°ãƒ«ãƒ¡
#æ·¡è·¯å³¶åœ°å ´ç”£æ¥­
#æ·¡è·¯å¸‚
#awajishima
#awajiisland
#ç·šé¦™
#ãŠé¦™
#ãŠé¦™å°‚é–€åº— 
#ãŠé¦™å±‹ã•ã‚“ 
#ç·šé¦™ã®é¦™ã‚Š 
#ã‹ãŠã‚Šé¢¨æ™¯100é¸ 
#ã‹ãŠã‚Šé¢¨æ™¯ç™¾é¸ 
#ã‹ãŠã‚Šé¢¨æ™¯100é¸ã®åœ° 
#é¦™ã‚Š
#incense
#ã‹ãŠã‚Š
#ã‹ãŠã‚Šã®ã¾ã¡ 
#ã‹ãŠã‚Šã®è¡—
#ã‹ãŠã‚Šã®ç”º"
https://x.com/JosueMiguel7714/status/1773041522457387325,Wed Mar 27 17:36:55 +0000 2024,1773041522457387325,TRUE,1773039460256477463,FALSE,FALSE,161,0,0,0,es,2021-12-15,chiefclient92@walletofsatoshi.,@nayibbukele A usa no le gustara esoğŸ‘€
https://x.com/magdale31176833/status/1773042576066527514,Wed Mar 27 17:41:06 +0000 2024,1773042576066527514,TRUE,1773039460256477463,FALSE,FALSE,35,0,0,0,es,2023-02-08,,"@nayibbukele ğŸ’ª BUENISSSSSIMOS
PRESIDENTE...TIENE
LUS VERDE PARA INCAUTAR...LOS QUE
VENGAN....BIEN APROVADO POR SU
JENTE QUE LO APOYAMOS
ğŸ™VENDISIONğŸ™ https://t.co/0wGVeTXZYg"
https://x.com/IBO97955294/status/1773042608538812637,Wed Mar 27 17:41:14 +0000 2024,1773042608538812637,TRUE,1773039460256477463,FALSE,FALSE,57,0,0,0,qme,2022-01-21,,@nayibbukele https://t.co/daV1J7N8Kr
https://x.com/Soto182001/status/1773042809647268210,Wed Mar 27 17:42:02 +0000 2024,1773042809647268210,TRUE,1773039460256477463,FALSE,FALSE,50,0,1,0,es,2016-07-28,,@nayibbukele LibÃ©renlos yaâ€¦ asÃ­ dirÃ¡n los defensores de los narcos mundiales
https://x.com/AbelardoGuilln1/status/1773043173058625734,Wed Mar 27 17:43:28 +0000 2024,1773043173058625734,TRUE,1773039460256477463,FALSE,FALSE,48,0,0,0,es,2020-05-09,"El Salvador,  CentroamÃ©rica ",@nayibbukele Pobrecito los de EEUU no les va a llegar su ğŸ¼
https://x.com/LisaGab8/status/1773043343062081929,Wed Mar 27 17:44:09 +0000 2024,1773043343062081929,TRUE,1773039460256477463,FALSE,FALSE,75,0,0,0,en,2021-08-16,United States,@nayibbukele Great Work!!!
https://x.com/SandoEnma/status/1773043568220774703,Wed Mar 27 17:45:02 +0000 2024,1773043568220774703,TRUE,1773039460256477463,FALSE,FALSE,125,0,1,0,es,2022-06-08,,"@nayibbukele Gran Ã©xito, Dios bendiga la Marina Nacional de El Salvador."
https://x.com/ayala199111/status/1773043650689155151,Wed Mar 27 17:45:22 +0000 2024,1773043650689155151,TRUE,1773039460256477463,FALSE,FALSE,67,0,0,0,es,2022-07-30,,@nayibbukele Bueno trabajo mi jente
https://x.com/JulyE_21/status/1773041337815683397,Wed Mar 27 17:36:11 +0000 2024,1773041337815683397,TRUE,1773039460256477463,FALSE,FALSE,198,0,0,0,en,2021-10-03,,@nayibbukele Bien Presi! Lock them up
https://x.com/Emilia10miaDiez/status/1773043774647624151,Wed Mar 27 17:45:52 +0000 2024,1773043774647624151,TRUE,1773039460256477463,FALSE,FALSE,37,0,1,0,es,2014-08-05,,"@nayibbukele Les fallÃ³ el GPS, que tocaron agua salvadoreÃ±as, que sino eso seguirÃ­a de largo a su destino.
Que bueno. Duro golpe de Bukele"
https://x.com/AwajiBaikundou/status/1771618214394671520,Sat Mar 23 19:21:12 +0000 2024,1771618214394671520,FALSE,,FALSE,FALSE,236289,3,43,6,ja,2010-03-14,å…µåº« æ·¡è·¯å¸‚,"çš†æ§˜ã”å­˜çŸ¥æ·¡è·¯å³¶ã® #ãƒ™ã‚«ã‚³ï¼

ãƒ™ã‚«ã‚³ã‚‚ãƒ™ã‚³ã‚‚ã‚¨ã‚µè¦ã‚‰ãšã€‚

å£ã®é–‹ã‘é–‰ã‚ã¯æ¨ªã¸ã‚¹ãƒ©ã‚¤ãƒ‰ã•...

æ·¡è·¯æ¢…è–«å ‚æ±Ÿäº•å·¥å ´
å…µåº«çœŒæ·¡è·¯å¸‚æ±Ÿäº•2738-2 
https://t.co/iknLNFazsP

#æ·¡è·¯æ¢…è–«å ‚
#æ·¡è·¯æ¢…è–«å ‚æ±Ÿäº•å·¥å ´
#bekako
#æ·¡è·¯å³¶æ—…è¡Œ
#æ·¡è·¯å³¶è¦³å…‰åæ‰€
#æ±Ÿäº•
#æ·¡è·¯å³¶
#æ·¡è·¯å³¶ç‰¹ç”£å“
#æ·¡è·¯å³¶ç‰¹ç”£
#æ·¡è·¯å³¶åç”£å“
#æ·¡è·¯å³¶åç”£
#æ·¡è·¯å³¶ã‚°ãƒ«ãƒ¡
#æ·¡è·¯å³¶åœ°å ´ç”£æ¥­
#æ·¡è·¯å¸‚
#awajishima
#awajiisland
#ç·šé¦™
#ãŠé¦™
#ãŠé¦™å°‚é–€åº— 
#ãŠé¦™å±‹ã•ã‚“ 
#ç·šé¦™ã®é¦™ã‚Š 
#ã‹ãŠã‚Šé¢¨æ™¯100é¸ 
#ã‹ãŠã‚Šé¢¨æ™¯ç™¾é¸ 
#ã‹ãŠã‚Šé¢¨æ™¯100é¸ã®åœ° 
#é¦™ã‚Š
#incense
#ã‹ãŠã‚Š
#ã‹ãŠã‚Šã®ã¾ã¡ 
#ã‹ãŠã‚Šã®è¡—
#ã‹ãŠã‚Šã®ç”º"
https://x.com/aguilar_mi67061/status/1773043990406766880,Wed Mar 27 17:46:43 +0000 2024,1773043990406766880,TRUE,1773039460256477463,FALSE,FALSE,60,0,0,0,es,2024-03-05,,@nayibbukele Buen trabajo ğŸ‘
https://x.com/Mateosfoodtruck/status/1773044008517796263,Wed Mar 27 17:46:47 +0000 2024,1773044008517796263,TRUE,1773039460256477463,FALSE,FALSE,58,0,1,0,en,2020-06-26,"Silver Spring, MD",@nayibbukele Cool ğŸ˜
https://x.com/Dragon46AJ/status/1773044133952663696,Wed Mar 27 17:47:17 +0000 2024,1773044133952663696,TRUE,1773039460256477463,FALSE,FALSE,38,0,0,0,qme,2023-01-19,,@nayibbukele #protegiendolosinteresesmaritimos
https://x.com/edarmaa/status/1773044134644797455,Wed Mar 27 17:47:17 +0000 2024,1773044134644797455,TRUE,1773039460256477463,FALSE,FALSE,11,0,0,0,es,2011-06-23,El Salvador,@nayibbukele Por esto el enojo de los perros areneros
https://x.com/ARM256/status/1773044385711575244,Wed Mar 27 17:48:17 +0000 2024,1773044385711575244,TRUE,1773039460256477463,FALSE,FALSE,32,0,0,0,es,2011-02-04,HERE,"@nayibbukele No lo hagan gratis!! El mercado para esa coca es EEUU, si quieren seguir, mejor que pagen por ello!"
https://x.com/crinsow/status/1773044485812855224,Wed Mar 27 17:48:41 +0000 2024,1773044485812855224,TRUE,1773039460256477463,FALSE,FALSE,7,0,0,0,es,2012-08-10,,@nayibbukele echalos al mar con la droga
https://x.com/Draganiel/status/1773044786116628695,Wed Mar 27 17:49:53 +0000 2024,1773044786116628695,TRUE,1773039460256477463,FALSE,FALSE,118,0,0,0,en,2009-03-20,Portugal,@nayibbukele You should legalize it and export it against Bitcoin.
https://x.com/JosueMathiasR/status/1773044993155822074,Wed Mar 27 17:50:42 +0000 2024,1773044993155822074,TRUE,1773039460256477463,FALSE,FALSE,46,0,0,0,es,2023-01-18,"Detroit,Atlanta,houston,NY,SV.","@nayibbukele Como cuando @FunesCartagena incautaba peores cantidades ğŸ˜‰
SegÃºn cuenta la leyenda que eso fue el causante de que ahora haga trÃ­os con la pobre ğŸˆâ€â¬›"
https://x.com/Alex2000333/status/1773045103533133897,Wed Mar 27 17:51:08 +0000 2024,1773045103533133897,TRUE,1773039460256477463,FALSE,FALSE,32,0,0,0,es,2022-12-17,Venezuela,@nayibbukele Es todo un papucho
https://x.com/Ramagapa1/status/1773045352456720486,Wed Mar 27 17:52:08 +0000 2024,1773045352456720486,TRUE,1773039460256477463,FALSE,FALSE,48,0,0,0,es,2020-03-21,,@nayibbukele Excelente!
https://x.com/Armandoguz8a/status/1773045489807577186,Wed Mar 27 17:52:41 +0000 2024,1773045489807577186,TRUE,1773039460256477463,FALSE,FALSE,61,0,0,0,es,2023-10-22,,@nayibbukele Excelente Marina Nacional dando lo mejor ğŸ‘
https://x.com/DanielArteagaF/status/1773045625489105249,Wed Mar 27 17:53:13 +0000 2024,1773045625489105249,TRUE,1773039460256477463,FALSE,FALSE,26,0,0,0,es,2010-11-08,"Guayaquil, Ecuador",@nayibbukele Estimado por favor mÃ©talos a su cÃ¡rcel y dÃ©jalos ahÃ­. AcÃ¡ salen libres al rato
https://x.com/Ercruz_12_/status/1773045636603977875,Wed Mar 27 17:53:16 +0000 2024,1773045636603977875,TRUE,1773039460256477463,FALSE,FALSE,21,0,0,0,es,2020-05-02,,@nayibbukele DÃ©jelos por allÃ¡ Don Bukele.... allÃ¡ si existe la mano dura!
https://x.com/AngelicaKl89823/status/1773045657793638537,Wed Mar 27 17:53:21 +0000 2024,1773045657793638537,TRUE,1773039460256477463,FALSE,FALSE,76,0,0,0,it,2023-05-14,,"@nayibbukele FABULOSA NOTICIA! CHEVERE QUE CHEVERE, QUE CHEVERE!"
https://x.com/SantosVirg79214/status/1773045857127916029,Wed Mar 27 17:54:08 +0000 2024,1773045857127916029,TRUE,1773039460256477463,FALSE,FALSE,9,0,0,0,es,2024-03-07,,"@nayibbukele Excelente trabajo
#protegiendolosinteresmaritimos"
https://x.com/WillEDelao/status/1773045949507469577,Wed Mar 27 17:54:30 +0000 2024,1773045949507469577,TRUE,1773039460256477463,FALSE,FALSE,79,0,1,0,qme,2024-02-20,,@nayibbukele ğŸ”¥ğŸ”¥ğŸ”¥ğŸ”¥ğŸ”¥ğŸ”¥ğŸ‘ğŸ‘ğŸ‘
https://x.com/JonathanZe3967/status/1773046120190505301,Wed Mar 27 17:55:11 +0000 2024,1773046120190505301,TRUE,1773039460256477463,FALSE,FALSE,97,0,0,0,es,2023-04-03,,@nayibbukele Excelente nuestraâš“ ğŸ‡¸ğŸ‡» Marina Nacional ğŸ‡¸ğŸ‡»ğŸ”± otro golpe al narcotrÃ¡fico ğŸ«¡
https://x.com/Pablo3106V/status/1773046136619585975,Wed Mar 27 17:55:15 +0000 2024,1773046136619585975,TRUE,1773039460256477463,FALSE,FALSE,130,0,0,0,es,2023-02-25,,"@nayibbukele Duro golpe al narcotrafico 
 Buen trabajoğŸ’¯ğŸ’¯ marina nacional 
#protegiendolosinteresesmaritimos"
https://x.com/maxijimene4617/status/1773046580808990852,Wed Mar 27 17:57:01 +0000 2024,1773046580808990852,TRUE,1773039460256477463,FALSE,FALSE,155,1,2,0,es,2023-10-16,,@nayibbukele Excelente trabajo #protegiendolosinteresmaritimos
https://x.com/Wolfkaizer101/status/1773046644923126097,Wed Mar 27 17:57:16 +0000 2024,1773046644923126097,TRUE,1773039460256477463,FALSE,FALSE,63,0,2,0,es,2022-04-19,Zeta reticuli,"@nayibbukele 490 Mn = 907.5 Km
Mar adentro, para que tengan una idea de la complejidad de este operativo."
https://x.com/AwajiBaikundou/status/1771618214394671520,Sat Mar 23 19:21:12 +0000 2024,1771618214394671520,FALSE,,FALSE,FALSE,236287,3,43,6,ja,2010-03-14,å…µåº« æ·¡è·¯å¸‚,"çš†æ§˜ã”å­˜çŸ¥æ·¡è·¯å³¶ã® #ãƒ™ã‚«ã‚³ï¼

ãƒ™ã‚«ã‚³ã‚‚ãƒ™ã‚³ã‚‚ã‚¨ã‚µè¦ã‚‰ãšã€‚

å£ã®é–‹ã‘é–‰ã‚ã¯æ¨ªã¸ã‚¹ãƒ©ã‚¤ãƒ‰ã•...

æ·¡è·¯æ¢…è–«å ‚æ±Ÿäº•å·¥å ´
å…µåº«çœŒæ·¡è·¯å¸‚æ±Ÿäº•2738-2 
https://t.co/iknLNFazsP

#æ·¡è·¯æ¢…è–«å ‚
#æ·¡è·¯æ¢…è–«å ‚æ±Ÿäº•å·¥å ´
#bekako
#æ·¡è·¯å³¶æ—…è¡Œ
#æ·¡è·¯å³¶è¦³å…‰åæ‰€
#æ±Ÿäº•
#æ·¡è·¯å³¶
#æ·¡è·¯å³¶ç‰¹ç”£å“
#æ·¡è·¯å³¶ç‰¹ç”£
#æ·¡è·¯å³¶åç”£å“
#æ·¡è·¯å³¶åç”£
#æ·¡è·¯å³¶ã‚°ãƒ«ãƒ¡
#æ·¡è·¯å³¶åœ°å ´ç”£æ¥­
#æ·¡è·¯å¸‚
#awajishima
#awajiisland
#ç·šé¦™
#ãŠé¦™
#ãŠé¦™å°‚é–€åº— 
#ãŠé¦™å±‹ã•ã‚“ 
#ç·šé¦™ã®é¦™ã‚Š 
#ã‹ãŠã‚Šé¢¨æ™¯100é¸ 
#ã‹ãŠã‚Šé¢¨æ™¯ç™¾é¸ 
#ã‹ãŠã‚Šé¢¨æ™¯100é¸ã®åœ° 
#é¦™ã‚Š
#incense
#ã‹ãŠã‚Š
#ã‹ãŠã‚Šã®ã¾ã¡ 
#ã‹ãŠã‚Šã®è¡—
#ã‹ãŠã‚Šã®ç”º"
https://x.com/Luke_3232/status/1773050283934769615,Wed Mar 27 18:11:44 +0000 2024,1773050283934769615,TRUE,1773039460256477463,FALSE,FALSE,110,0,1,0,es,2021-08-17,,@nayibbukele Yo creo que es harinağŸ¤£ van a decir los noticieros chayoteros.
https://x.com/RebecaChicas3/status/1773051302605390129,Wed Mar 27 18:15:46 +0000 2024,1773051302605390129,TRUE,1773039460256477463,FALSE,FALSE,99,0,1,0,es,2019-01-28,migueleÃ±a..,"@nayibbukele Excelente,ğŸ¤œğŸ‘ğŸ‘"
https://x.com/VictorC60313317/status/1773058717258326321,Wed Mar 27 18:45:14 +0000 2024,1773058717258326321,TRUE,1773039460256477463,FALSE,FALSE,46,0,1,0,es,2019-12-31,,@nayibbukele Con este decomiso habrÃ¡ miles de vidas salvadas en MÃ©xico y Estados Unidos
https://x.com/Armandolamezcla/status/1773061809873809507,Wed Mar 27 18:57:32 +0000 2024,1773061809873809507,TRUE,1773039460256477463,FALSE,FALSE,165,0,3,0,es,2017-03-28,Centro America,"@nayibbukele Ex diputado Rodolfo Parker ha de estar retorciÃ©ndose ğŸ˜­
Buen trabajo NAVAL ğŸ‘ https://t.co/ol9oSyyG00"
https://x.com/JacoboGH3/status/1773064028715201010,Wed Mar 27 19:06:21 +0000 2024,1773064028715201010,TRUE,1773039460256477463,FALSE,FALSE,117,1,1,0,es,2020-12-06,,@nayibbukele Excelente trabajo de nuestros hÃ©roes ğŸ¦¸ de la marina de la @FUERZARMADASV   @merino_monroy ğŸ‡¸ğŸ‡»ğŸ‘.
https://x.com/rafanavy1/status/1773066722896933185,Wed Mar 27 19:17:03 +0000 2024,1773066722896933185,TRUE,1773039460256477463,FALSE,FALSE,67,1,0,0,es,2014-05-05,,@nayibbukele @merino_monroy ğŸ‘ğŸ‘ğŸ‘ la MURALLA DEL PACIFICO... ğŸ’ªğŸ’ªğŸ’ª la @FUERZARMADASV por la Fuerza de Tarea Naval Tridente...
https://x.com/Kitachi420/status/1773077241796215107,Wed Mar 27 19:58:51 +0000 2024,1773077241796215107,TRUE,1773039460256477463,FALSE,FALSE,24,0,2,0,en,2020-09-14,Crab Nebula,@nayibbukele I can't wait to visit El Salvador one day soon &amp; Surf those right hand point breaks (&amp; spend some BTC).
https://x.com/rvillacres/status/1773084515096760815,Wed Mar 27 20:27:45 +0000 2024,1773084515096760815,TRUE,1773039460256477463,FALSE,FALSE,13,0,1,0,es,2009-10-15,"Boston, MA",@nayibbukele Mano dura Presidente enseÃ±eles a los vagos dirigentes ecuatorianos como se procesa estos casos @CJudicaturaEc @FiscaliaEcuador @FFAAECUADOR @PoliciaEcuador
https://x.com/CalcetinLetal/status/1773046715773280281,Wed Mar 27 17:57:33 +0000 2024,1773046715773280281,TRUE,1773039460256477463,FALSE,FALSE,21,0,1,0,es,2017-09-05,"Estocolmo, Suecia",@nayibbukele Cursillo de reinserciÃ³n y de vuelta a la sociedad. A que sÃ­?
https://x.com/majovenromero/status/1773047179952759190,Wed Mar 27 17:59:23 +0000 2024,1773047179952759190,TRUE,1773039460256477463,FALSE,FALSE,221,0,1,0,es,2014-09-22,Somewhere,"@nayibbukele Buenos dÃ­as. El uso de Â«entre ellosÂ» en su texto es incorrecto: eran nueve en total, seis ecuatorianos y tres guatemaltecos. Saludos cordiales,"
https://x.com/AwajiBaikundou/status/1771618214394671520,Sat Mar 23 19:21:12 +0000 2024,1771618214394671520,FALSE,,FALSE,FALSE,236289,3,43,6,ja,2010-03-14,å…µåº« æ·¡è·¯å¸‚,"çš†æ§˜ã”å­˜çŸ¥æ·¡è·¯å³¶ã® #ãƒ™ã‚«ã‚³ï¼

ãƒ™ã‚«ã‚³ã‚‚ãƒ™ã‚³ã‚‚ã‚¨ã‚µè¦ã‚‰ãšã€‚

å£ã®é–‹ã‘é–‰ã‚ã¯æ¨ªã¸ã‚¹ãƒ©ã‚¤ãƒ‰ã•...

æ·¡è·¯æ¢…è–«å ‚æ±Ÿäº•å·¥å ´
å…µåº«çœŒæ·¡è·¯å¸‚æ±Ÿäº•2738-2 
https://t.co/iknLNFazsP

#æ·¡è·¯æ¢…è–«å ‚
#æ·¡è·¯æ¢…è–«å ‚æ±Ÿäº•å·¥å ´
#bekako
#æ·¡è·¯å³¶æ—…è¡Œ
#æ·¡è·¯å³¶è¦³å…‰åæ‰€
#æ±Ÿäº•
#æ·¡è·¯å³¶
#æ·¡è·¯å³¶ç‰¹ç”£å“
#æ·¡è·¯å³¶ç‰¹ç”£
#æ·¡è·¯å³¶åç”£å“
#æ·¡è·¯å³¶åç”£
#æ·¡è·¯å³¶ã‚°ãƒ«ãƒ¡
#æ·¡è·¯å³¶åœ°å ´ç”£æ¥­
#æ·¡è·¯å¸‚
#awajishima
#awajiisland
#ç·šé¦™
#ãŠé¦™
#ãŠé¦™å°‚é–€åº— 
#ãŠé¦™å±‹ã•ã‚“ 
#ç·šé¦™ã®é¦™ã‚Š 
#ã‹ãŠã‚Šé¢¨æ™¯100é¸ 
#ã‹ãŠã‚Šé¢¨æ™¯ç™¾é¸ 
#ã‹ãŠã‚Šé¢¨æ™¯100é¸ã®åœ° 
#é¦™ã‚Š
#incense
#ã‹ãŠã‚Š
#ã‹ãŠã‚Šã®ã¾ã¡ 
#ã‹ãŠã‚Šã®è¡—
#ã‹ãŠã‚Šã®ç”º"
https://x.com/DouglasTobar12/status/1773047366901244406,Wed Mar 27 18:00:08 +0000 2024,1773047366901244406,TRUE,1773039460256477463,FALSE,FALSE,160,0,1,0,qme,2023-02-28,,@nayibbukele #ProtegiendolosInteresesMaritimos
https://x.com/Rodolfo62949483/status/1773048027579564329,Wed Mar 27 18:02:46 +0000 2024,1773048027579564329,TRUE,1773039460256477463,FALSE,FALSE,266,1,5,1,es,2019-10-26,"Cojutepeque, El Salvador",@nayibbukele El mejor paÃ­s de LATAM bajo su liderazgo ya no se les permite traficar la droga como en el pasado
https://x.com/PJ94397683/status/1773048948996923657,Wed Mar 27 18:06:25 +0000 2024,1773048948996923657,TRUE,1773039460256477463,FALSE,FALSE,155,0,1,0,qme,2018-09-11,,@nayibbukele ğŸ™ŒğŸ™ŒğŸ™Œ
https://x.com/monicanaht/status/1773049957399818396,Wed Mar 27 18:10:26 +0000 2024,1773049957399818396,TRUE,1773039460256477463,FALSE,FALSE,16,0,1,0,es,2021-12-01,,"@nayibbukele No los dejes venir, q acÃ¡ los liberan los corruptos, dÃ©jalos en tu cÃ¡rcel x fa"
https://x.com/FSB2024/status/1773052123300716548,Wed Mar 27 18:19:02 +0000 2024,1773052123300716548,TRUE,1773039460256477463,FALSE,FALSE,33,0,2,0,es,2023-12-29,,@nayibbukele @dianadosanto Excelente!!
https://x.com/AdalFigueroa2/status/1773055107933864192,Wed Mar 27 18:30:54 +0000 2024,1773055107933864192,TRUE,1773039460256477463,FALSE,FALSE,173,0,1,0,es,2020-06-03,,@nayibbukele Excelente trabajo que realiza la Marina Nacional muy buenos resultados del esfuerzo realizado dÃ¡ndole un gran golpe al narcotrÃ¡fico
https://x.com/SalvadorChacon_/status/1773056683188555786,Wed Mar 27 18:37:09 +0000 2024,1773056683188555786,TRUE,1773039460256477463,FALSE,FALSE,429,1,2,0,es,2011-06-13,"La Libertad, El Salvador",@nayibbukele Un gran trabajo del gabinete de seguridad.ğŸ‘ŠğŸ‡¸ğŸ‡»ğŸ™Œ #PlanControlTerritorial
https://x.com/mlhidalgo/status/1773057949281239314,Wed Mar 27 18:42:11 +0000 2024,1773057949281239314,TRUE,1773039460256477463,FALSE,FALSE,135,0,2,0,es,2010-12-21,Quito,"@nayibbukele Por favor, aplique toda la ley, acÃ¡ en Ecuador la justicia festeja con los delincuentes"